[
    { "type": "filename", "value": "cmakelists.txt", "description": "CMakeLists" },
    { "type": "extension", "value": ".c", "description": "C language source code" },
    { "type": "extension", "value": ".cpp", "description": "C++ language source code" },
    { "type": "extension", "value": ".h", "description": "C/C++ header file" },
    { "type": "extension", "value": ".hpp", "description": "C++ header file" },
    { "type": "extension", "value": ".py", "description": "Python script" },
    { "type": "extension", "value": ".html", "description": "HTML file" },
    { "type": "extension", "value": ".bat", "description": "Batch files" },
    { "type": "extension", "value": ".comp", "description": "c file" },
    { "type": "extension", "value": ".cmake", "description": "cmake file" }
]
