{
    "template_blueprint": {
        "no_template_fallback": "If template is not specifed within team, it will fallback to 'default' format",
        "skip_formatting": "If specific formatting needs to be skipped, use string 'skip' as value",
        "external_files": "If external file is necessary, set value to 'external:<path_to_file>"
    },
    "codeql_templates": {
        "default": {
            "owner": "",
            "repo": "",
            "base_branch": "main",
            "git_environment": "enterprise",
            "codeql_environment": "prod",
            "service_accounts": "swjenci, z1-swscm_amdeng",
            "generate_branch_name": "amd/dev/a1-pr-platform/{ticket_id}/codeql-fix-{alert_number}",
            "generate_commit_header": "{ticket_id} - Auto Generated CodeQL Fix for alert {alert_number}",
            "generate_commit_description": "{alert_number} - This commit is auto-generated by the CodeQL Fix tool.",
            "generate_pr_title": "{ticket_id} - Auto Generated CodeQL Fix for alert {alert_number}",
            "generate_pr_description": "Alert#{alert_number} - {alert_description}\n\nAlert url: {alert_url}\n\nAlert severity: {alert_severity}\n\n{fix_explanation}",
            "sign_off_message": "Fallback signoff {signoff_user}",
            "reviewer_list": "#last_committer",
            "email_recipients": "POPULATE",
            "label_list": "codeQL",
            "email_body": "external:templates/external/email_body_codeql.html",
            "email_subject": "CodeQL Fix Summary for {owner}/{repo} branch {branch}",
            "ticket_id": "DEFAULT-001",
            "detect_fp": true,
            "rules": "cpp/memory-never-freed,cpp/missing-null-test",
            "git_blame": "skip",
            "send_no_alert_email": false,
            "email_server": "atlsmtp10.amd.com",
            "email_port": 25,
            "email_sender": "CodeQL Fix Generation <no-reply.CodeQLFixGen@amd.com>",
            "fallback_team_slug": "skip",
            "draft_pr": true,
            "include_explanation": true,
            "pr_platform": true,
            "branch_delete": true,
            "state": "open",
            "alert_process_limit": 50
        },
        "dal":{
            "owner": "AMD-Radeon-Driver",
            "repo": "dal",
            "base_branch": "amd-dal",
            "git_environment": "emu",
            "generate_commit_header": "{ticket_id} - {root_folder}: {rule_header}",
            "generate_commit_description": "[WHY]\n\n{rule_description}",
            "generate_pr_title": "{ticket_id} - {root_folder}: {rule_header}",
            "sign_off_message": "Signed-off-by: {signoff_user} <{signoff_email}>",
            "reviewer_list": "jpavic_amdeng",
            "email_recipients": "dl.CodeQLFixGenDAL@amd.com, matthieu.chanchee@amd.com, vladan.antic@amd.com",
            "label_list": "codeQL, skip-ci",
            "ticket_id": "SWDEV-497277",
            "rules": "cpp/*,c/*",
            "git_blame": "skip",
            "branch_delete": true,
            "send_no_alert_email": true
        },
        "diagnostics":{
            "owner": "AMD-GOQDIAGS",
            "repo": "diag_tng",
            "base_branch": "main",
            "git_environment": "emu",
            "generate_branch_name": "private/codegen_amdeng/codeql-{alert_number}",
            "generate_commit_header": "[FIX] AI CodeQL Fix for '{rule_header}'",
            "generate_commit_description":"[FIX]:\n\n{rule_description}",
            "generate_pr_title": "[FIX] AI CodeQL Fix for '{rule_header}'",
            "generate_pr_description": "Alert#{alert_number} - {alert_description}\n\nAlert url: {alert_url}\n\n{fix_explanation}\n\nAddresses: {ticket_id}",
            "sign_off_message": "Signed-off-by: {signoff_user} <{signoff_email}>",
            "reviewer_list": "#last_committer",
            "email_recipients": "dl.Diag_TNG_CodeGen_Reviewers@amd.com, matthieu.chanchee@amd.com, vladan.antic@amd.com",
            "ticket_id": "TNG-13352",
            "rules": "cpp/*,c/*",
            "service_accounts": "swjenci, z1-swscm_amdeng, adbsadmin_amdeng",
            "git_blame": true,
            "fallback_team_slug": "dl-diag_tng_reviewers"
        },
        "pal":{
            "owner": "AMD-Radeon-Driver",
            "repo": "pal",
            "base_branch": "amd/stg/pal",
            "git_environment": "emu",
            "generate_commit_description": "{alert_number} - This commit is auto-generated by the CodeQL Fix tool for Pal.",
            "generate_pr_description": "Alert#{alert_number} - {alert_description}\n\nAlert url: {alert_url}\n\n{fix_explanation}",
            "sign_off_message": "skip",
            "reviewer_list": "mathagen_amdeng",
            "email_recipients": "dl.PAL_CodeQL_Alerts@amd.com, matthieu.chanchee@amd.com, vladan.antic@amd.com",
            "label_list": "codeQL, skip-ci",
            "ticket_id": "SWDEV-486184",
            "rules": "cpp/memory-never-freed,cpp/memory-may-not-be-freed,cpp/comparison-with-wider-type",
            "git_blame": "skip"
        },
        "kmd":{
            "owner": "AMD-Radeon-Driver",
            "repo": "drivers",
            "base_branch": "amd/stg/kmd",
            "git_environment": "emu",
            "sign_off_message": "skip",
            "reviewer_list": "nipate_amdeng, sgoutsev_amdeng",
            "email_recipients": "dl.CodeQLFixGenKMD@amd.com, matthieu.chanchee@amd.com, vladan.antic@amd.com",
            "label_list": "codeQL, skip-ci",
            "ticket_id": "SWDEV-522354",
            "rules": "cpp/*,c/*",
            "git_blame": "skip"
        },
        "acp": {
            "owner": "AMD-Radeon-Driver",
            "repo": "drivers",
            "base_branch": "amd/stg/acp",
            "git_environment": "emu",
            "codeql_environment": "prod",
            "generate_branch_name": "amd/dev/a1-pr-platform/{ticket_id}/codeql-fix-{alert_number}",
            "generate_commit_header": "{ticket_id} - Auto Generated CodeQL Fix for alert {alert_number}",
            "generate_commit_description": "[Why and How]\n\n{rule_description}",
            "generate_pr_title": "{ticket_id} - Auto Generated CodeQL Fix for alert {alert_number}",
            "generate_pr_description": "Alert#{alert_number} - {alert_description}\n\nAlert url: {alert_url}\n\n{fix_explanation}",
            "sign_off_message": "skip",
            "reviewer_list": "#last_committer, dl.mm.audio.github.reviewers",
            "email_recipients": "dl.CodeQLFixGenACP@amd.com",
            "label_list": "codeQL, skip-ci",
            "ticket_id": "SWDEV-529877",
            "detect_fp": false,
            "rules": "cpp/*,c/*"
        },
        "uxg": {
            "owner": "AMD-Radeon-Driver",
            "repo": "drivers",
            "base_branch": "amd/stg/ppc, amd/stg/ADLX, amd/stg/adl, amd/stg/cn, amd/stg/install, amd/stg/appprofiles",
            "git_environment": "emu",
            "codeql_environment": "prod",
            "generate_branch_name": "amd/dev/a1-pr-platform/{ticket_id}/codeql-fix-{alert_number}",
            "generate_commit_header": "{ticket_id} - Auto Generated CodeQL Fix for alert {alert_number}",
            "generate_commit_description": "{alert_number} - This commit is auto-generated by the CodeQL Fix tool.",
            "generate_pr_title": "{ticket_id} - Auto Generated CodeQL Fix for alert {alert_number}",
            "generate_pr_description": "Alert#{alert_number} - {alert_description}\n\nAlert url: {alert_url}\n\nAlert severity: {alert_severity}\n\n{fix_explanation}",
            "sign_off_message": "skip",
            "reviewer_list": "Apparao.Allu@amd.com",
            "email_recipients": "dl.CodeQLFixGenUXG@amd.com",
            "label_list": "codeQL, skip-ci",
            "ticket_id": "SWDEV-533320, SWDEV-533318, SWDEV-533316, SWDEV-533314, SWDEV-533315, SWDEV-534664",
            "detect_fp": false,
            "rules": "cpp/*,c/*",
            "alert_process_limit": 10,
            "send_no_alert_email": true
        },
        "rocm_clr": {
            "owner": "AMD-ROCm-Internal",
            "repo": "clr",
            "base_branch": "amd-staging",
            "git_environment": "emu",
            "generate_branch_name": "private/codegen_amdeng/codeql-{alert_number}",
            "generate_commit_header": "[FIX] AI CodeQL Fix for {rule_header}",
            "generate_commit_description": "[FIX]:\n\n{rule_description}",
            "generate_pr_title": "{ticket_id} - Auto Generated CodeQL Fix for alert {alert_number}",
            "generate_pr_description": "Alert#{alert_number} - {alert_description}\n\nAlert url: {alert_url}\n\n{fix_explanation}\n\nAddresses: {ticket_id}",
            "sign_off_message": "skip",
            "reviewer_list": "#last_committer, jiabaxie_amdeng",
            "email_recipients": "dl.CodeQLFixGenROCmCLR@amd.com",
            "label_list": "codeQL",
            "ticket_id": "SWDEV-532052",
            "detect_fp": false,
            "rules": "cpp/*,c/*"
        },
        "vpe":{
            "owner": "AMD-Radeon-Driver",
            "repo": "VPE",
            "base_branch": "amd/stg/vpe",
            "git_environment": "emu",
            "sign_off_message": "skip",
            "reviewer_list": "Krunoslav.Kovac@amd.com, Jesse.Agate@amd.com, Roy.Chan@amd.com",
            "email_recipients": "dl.CodeQLFixGenVPE@amd.com",
            "label_list": "codeQL, skip-ci",
            "ticket_id": "SWDEV-530527",
            "rules": "cpp/*,c/*",
            "git_blame": "skip",
            "detect_fp": false
        },
        "multimedia":{
            "owner": "AMD-Radeon-Driver",
            "repo": "drivers",
            "base_branch": "amd/stg/mva_vhd, amd/stg/vcn, amd/stg/jpeg, amd/stg/umsch",
            "git_environment": "emu",
            "codeql_environment": "prod",
            "sign_off_message": "skip",
            "reviewer_list": "multimedia-video-solutionreview",
            "email_recipients": "dl.CodeQLFixGenSupport@amd.com, sw.dl.multimedia.video.solutionreview@amd.com",
            "label_list": "codeQL, skip-ci",
            "ticket_id": "SWDEV-543886, SWDEV-544992, SWDEV-544734, SWDEV-544776",
            "detect_fp": false,
            "rules": "cpp/*,c/*"
        },
        "multimedia_mmpal":{
            "owner": "AMD-Radeon-Driver",
            "repo": "mmpal",
            "base_branch": "amd/stg/mmpal",
            "git_environment": "emu",
            "codeql_environment": "prod",
            "sign_off_message": "skip",
            "reviewer_list": "multimedia-video-solutionreview",
            "email_recipients": "dl.CodeQLFixGenSupport@amd.com, sw.dl.multimedia.video.solutionreview@amd.com",
            "label_list": "codeQL, skip-ci",
            "ticket_id": "SWDEV-544737",
            "detect_fp": false,
            "rules": "cpp/*,c/*"
        },
        "demo":{
            "generate_commit_header": "{ticket_id} - {root_folder}: {rule_header}",
            "generate_commit_description": "[Why and How]\n\n{rule_description}",
            "generate_pr_title": "{ticket_id} - {root_folder}: {rule_header} - DEMO",
            "generate_pr_description": "Alert#{alert_number} - {alert_description}\n\nAlert url: {alert_url}\n\nAlert severity: {alert_severity}\n\n{fix_explanation} - DEMO",
            "sign_off_message": "skip",
            "reviewer_list": "vlaantic_amdeng",
            "email_recipients": "igor.mirosavljevic@amd.com, vladan.antic@amd.com, Matthieu.ChanChee@amd.com",
            "label_list": "demo, skip-ci",
            "ticket_id": "SWDEV-5",
            "base_branch": "amd-dal",
            "rules": "cpp/comparison-with-wider-type,cpp/memory-may-not-be-freed,cpp/memory-never-freed,cpp/missing-null-test,cpp/inconsistent-null-check,cpp/inconsistent-nullness-testing",
            "git_blame": true,
            "email_sender": "DEMO <demo@demo.com>",
            "owner": "AMD-Radeon-Driver",
            "repo": "dal",
            "git_environment": "emu",
            "codeql_environment": "dev",
            "email_subject": "CodeQL Fix Summary for demo/{repo} branch {branch}",
            "state": "",
            "alert_process_limit": 5
        },
        "testing":{
            "generate_commit_header": "{ticket_id} - {root_folder}: {rule_header}",
            "generate_commit_description": "[Why and How]\n\n{rule_description}",
            "generate_pr_title": "{ticket_id} - {root_folder}: {rule_header} - TESTING",
            "generate_pr_description": "Alert#{alert_number} - {alert_description}\n\nAlert url: {alert_url}\n\nAlert severity: {alert_severity}\n\n{fix_explanation} - TESTING",
            "sign_off_message": "skip",
            "reviewer_list": "vlaantic_amdeng",
            "email_recipients": "igor.mirosavljevic@amd.com, vladan.antic@amd.com",
            "email_body": "external:templates/external/email_body_codeql_testing.html",
            "label_list": "demo, skip-ci",
            "ticket_id": "SWDEV-6",
            "base_branch": "amd/stg/kmd",
            "rules": "cpp/comparison-with-wider-type,cpp/memory-may-not-be-freed,cpp/memory-never-freed,cpp/missing-null-test,cpp/inconsistent-null-check,cpp/inconsistent-nullness-testing",
            "git_blame": true,
            "email_sender": "TESTING <testing@testing.com>",
            "owner": "AMD-Radeon-Driver",
            "repo": "drivers",
            "git_environment": "emu",
            "codeql_environment": "dev",
            "email_subject": "CodeQL Fix Summary for demo/{repo} branches {branch}",
            "state": "open",
            "send_no_alert_email": true,
            "branch_delete": true,
            "alert_process_limit": 5
        },
        "testing_multi":{
            "generate_commit_header": "{ticket_id} - {root_folder}: {rule_header}",
            "generate_commit_description": "[Why and How]\n\n{rule_description}",
            "generate_pr_title": "{ticket_id} - {root_folder}: {rule_header} - TESTING",
            "generate_pr_description": "Alert#{alert_number} - {alert_description}\n\nAlert url: {alert_url}\n\nAlert severity: {alert_severity}\n\n{fix_explanation} - TESTING",
            "sign_off_message": "skip",
            "reviewer_list": "vlaantic_amdeng",
            "email_recipients": "igor.mirosavljevic@amd.com, vladan.antic@amd.com",
            "email_body": "external:templates/external/email_body_codeql_testing.html",
            "label_list": "demo, skip-ci",
            "ticket_id": "SWDEV-6, SWDEV-7, SWDEV-8",
            "base_branch": "amd-dal, amd-dal, amd-staging",
            "rules": "cpp/comparison-with-wider-type,cpp/memory-may-not-be-freed,cpp/memory-never-freed,cpp/missing-null-test,cpp/inconsistent-null-check,cpp/inconsistent-nullness-testing",
            "git_blame": true,
            "email_sender": "TESTING <testing@testing.com>",
            "owner": "AMD-Radeon-Driver",
            "repo": "dal",
            "git_environment": "emu",
            "codeql_environment": "dev",
            "email_subject": "CodeQL Fix Summary for demo/{repo} branches {branch}",
            "state": "",
            "send_no_alert_email": true,
            "alert_process_limit": 5
        },
        "demo_external": "external:templates/external/demo_external_formatting_template.json"
    },
    "code_porting_templates": {
        "default": {
            "code_porting_environment": "prod",
            "generate_branch_name": "amd/dev/a1-pr-platform/{ticket_id}/codeporting-{sanitized_dest}-{commit_id}",
            "generate_pr_title": "[{ticket_id}] Code Porting to {destination_branch} for commit {commit_id}",
            "generate_commit_header": "{ticket_id} - port commit for file: {file}",
            "generate_commit_description": "\n\n{commit_body}",
            "reviewer_list": "",
            "label_list": "CodePorting, skip-ci",
            "check_components": false,
            "draft_pr": true,
            "email_body": "external:templates/external/email_body_codeporting.html",
            "email_subject": "Code Porting Summary for {source_branch}",
            "email_server": "atlsmtp10.amd.com",
            "email_port": 25,
            "email_sender": "CodePorting <no-reply.CodePorting@amd.com>"
        },
        "kmd": {
            "check_components": "true",
            "reviewer_list": "mkim_amdeng",
            "email_recipients": "michael.ing@amd.com, max.kim@amd.com, yuri.kiselev@amd.com, sanjukta.de@amd.com"
        },
        "kmd_prime": {
            "check_components": "false",
            "reviewer_list": "",
            "email_recipients": "MuhammadSaad.Musani@amd.com, sanjukta.de@amd.com, vladan.antic@amd.com"
        },
        "cvs": {
            "check_components": "false",
            "reviewer_list": "vchander_amdeng",
            "email_recipients": "vignesh.chander@amd.com, sanjukta.de@amd.com, vladan.antic@amd.com"
        },
        "pfo": {
            "check_components": "false",
            "reviewer_list": "marferna",
            "email_recipients": "Martin.Fernandez@amd.com, sanjukta.de@amd.com, vladan.antic@amd.com"
        },
        "vulkan": {
            "check_components": "false",
            "reviewer_list": "",
            "email_recipients": "Mark.Crane@amd.com, maciej.jesionowski@amd.com, alan.harrison@amd.com"
        },
        "oglp": {
            "check_components": "false",
            "reviewer_list": "",
            "email_recipients": "sbhuvana@amd.com"
        },
        "multimedia": {
            "check_components": "false",
            "reviewer_list": "",
            "email_recipients": "sonu.thomas@amd.com, evgeny.klavir@amd.com"
        },
        "testing": {
            "code_porting_environment": "prod",
            "generate_branch_name": "amd/dev/a1-pr-platform/{ticket_id}/codeporting-{sanitized_dest}-{commit_id}-DEMO",
            "generate_commit_header": "{commit_header}\n\nPorting commit for file: {file}",
            "generate_commit_description": "\n\n{commit_body}",
            "email_recipients": "igor.mirosavljevic@amd.com, vladan.antic@amd.com, Sanjukta.De@amd.com",
            "reviewer_list": "",
            "label_list": "demo, skip-ci",
            "email_subject": "DEMO Code Porting Summary for {source_branch}"
        }
    },
    "coverity_historical_templates": {
        "_comment": "path_extraction_pattern: Regex pattern to extract the correct file path from Coverity's full Jenkins workspace path. Example: 'drivers/.*' extracts paths starting with 'drivers/'",
        "default": {
            "coverity_historical_environment": "prod",
            "git_environment": "emu",
            "owner": "",
            "repo": "",
            "projects": "",
            "base_branch": "main",
            "service_accounts": "swjenci, z1-swscm_amdeng",
            "generate_branch_name": "amd/dev/a1-pr-platform/{ticket_id}/coverity-historical-fix-{CID}",
            "generate_pr_title": "[{ticket_id}] Coverity Historical for {CID}",
            "generate_commit_header": "{ticket_id} - Coverity Historical for {CID}",
            "generate_commit_description": "Coverity Historical fix for CID {CID}",
            "generate_pr_description": "Coverity Historical fix for CID {CID}\n\n{fix_explanation}",
            "label_list": "CoverityHistorical, skip-ci",
            "reviewer_list": "",
            "ticket_id": "SWDEV-3",
            "git_blame": "skip",
            "sign_off_message": "Signed-off-by: {signoff_user} <{signoff_email}>",
            "include_explanation": false,
            "is_aecg": false,
            "is_xhd": false,
            "return_diff": true,
            "get_file_information": true,
            "draft_pr": true,
            "branch_delete": true,
            "cid_process_limit": 10,
            "pr_platform": true,
            "email_server": "atlsmtp10.amd.com",
            "email_port": 25,
            "email_sender": "Coverity Historical <no-reply.CoverityHistorical@amd.com>",
            "email_recipients": "POPULATE",
            "email_subject": "Coverity Historical Summary for {owner}/{repo} projects {projects}",
            "email_body": "external:templates/external/email_body_coverity_historical.html",
            "send_no_alert_email": false,
            "path_extraction_pattern": ""
        },
        "kmd": {
            "coverity_historical_environment": "prod",
            "git_environment": "emu",
            "projects": "KMD3",
            "base_branch": "amd/stg/kmd",
            "path_extraction_pattern": "drivers/.*",
            "email_recipients": "dl.cov-dev-kmd@amd.com, dl.CoverityFixGenSupport@amd.com",
            "ticket_id": "SWDEV-522354"

        },
        "pfo": {
            "coverity_historical_environment": "dev",
            "git_environment": "emu",
            "base_branch": "master",
            "projects": "AGESA FW Client BU_CodingStd",
            "path_extraction_pattern": "AmdOpensilPkg/.*",
            "email_recipients": "dl.Client_BIOS@amd.com",
            "ticket_id": "FWDEV-145112"
        }
    }
}
