{
    "template_blueprint": {
        "function_name": {
            "method_desc": "API request type (GET,POST,PUT,DEL) - defaults to POST if not defined",
            "method": "GET",
            "header_type_desc": "select from defined headers in api_config.json",
            "header_type": "diff",
            "endpoint_desc": "API endpoint (added to base_url from api_config.json)",
            "endpoint": "/repos/{owner}/{repo}/code-scanning/alerts?ref={branch}&per_page=100&state={state}&sort=created&order=desc",
            "query_desc": "single line query",
            "query": "query ($owner: String!, $repo: String!, $pr_number: Int!) {repository(owner: $owner, name: $repo) {pullRequest(number: $pr_number) {merged}}}",
            "query_file_desc": "relative path to query file - more complex query structure",
            "query_file": "/query_templates/pr_merge_status.graphql",
            "body_params_desc": "explicitly define which fields should go in the request body",
            "body_params": ["reviewers"],
            "variables_desc": "defined as dictionary",
            "variables": {
                "variable_1": "{variable_value}",
                "variable_2": "{variable_value}"
            },
            "variable_types_desc": "variable types other than string must be defined",
            "variable_types": {
                "variable_1": "int"
            },
            "response_filter_desc": "comman separated list of JSON fields to be parsed, only comma separated values are returned",
            "response_filter": ["most_recent_instance.location.path", "most_recent_instance.commit_sha"],
            "post_filter_desc": "filters out only entries with specified values (value_match or date_range)",
            "post_filter": [
                { 
                    "type": "date_range",
                    "field":"created_at"
                },
                {
                    "type": "value_match",
                    "field": "rule.severity",
                    "param_name": "severity"
                }
            ],
            "match_mode": "can be selected when value_match filtering is used, true (default) will use include matching and false will use exclude matching"
        }
    },
    "github": {
        "get_code_scanning_results": {
            "method": "GET",
            "header_type": "general",
            "endpoint": "/repos/{owner}/{repo}/code-scanning/alerts?ref={branch}&per_page=100&state={state}&sort=created&order=desc&page={page}",
            "variables": {
                "owner": "{repo_owner}",
                "repo": "{repo_name}",
                "branch": "{branch}",
                "state": "{state}"
            },
            "post_filter": [
                { 
                    "type": "date_range",
                    "field":"created_at"
                },
                {
                    "type": "value_match",
                    "field": "rule.id",
                    "param_name": "rules"
                }
            ]
        },
        "get_code_scanning_all": {
            "method": "GET",
            "header_type": "general",
            "endpoint": "/repos/{owner}/{repo}/code-scanning/alerts?ref={branch}&per_page=100&state={state}&sort=created&order=desc",
            "variables": {
                "owner": "{repo_owner}",
                "repo": "{repo_name}",
                "branch": "{branch}",
                "state": "{state}"
            }
        },
        "test_multifilter_code_scanning_results": {
            "method": "GET",
            "header_type": "general",
            "endpoint": "/repos/{owner}/{repo}/code-scanning/alerts?ref={branch}&per_page=100&state={state}&sort=created&order=desc",
            "variables": {
                "owner": "{repo_owner}",
                "repo": "{repo_name}",
                "branch": "{branch}",
                "state": "{state}"
            },
            "post_filter": [
                { 
                    "type": "date_range",
                    "field":"created_at"
                },
                {
                    "type": "value_match",
                    "field": "rule.id",
                    "param_name": "rules"
                }
            ]
        },
        "get_code_scanning_alert": {
            "method": "GET",
            "header_type": "general",
            "endpoint": "/repos/{owner}/{repo}/code-scanning/alerts/{alert_number}",
            "variables": {
                "owner": "{repo_owner}",
                "repo": "{repo_name}",
                "alert_number": "{alert_number}"
            },
            "variable_types": {
                "alert_number": "int"
            }
        },
        "get_file_path_and_base_sha": {
            "method": "GET",
            "header_type": "general",
            "endpoint": "/repos/{owner}/{repo}/code-scanning/alerts/{alert_number}",
            "variables": {
                "owner": "{repo_owner}",
                "repo": "{repo_name}",
                "alert_number": "{alert_number}"
            },
            "variable_types": {
                "alert_number": "int"
            },
            "response_filter": ["most_recent_instance.location.path", "most_recent_instance.commit_sha"]
        },
        "get_file_content":{
            "method": "GET",
            "header_type": "raw",
            "endpoint": "/repos/{owner}/{repo}/contents/{file_path}?ref={branch_sha}",
            "variables": {
                "owner": "{repo_owner}",
                "repo": "{repo_name}",
                "branch_sha": "{branch_sha}",
                "file_path": "{file_path}"
            },
            "response_filter": ["content"]
        },
        "create_pull_request": {
            "method": "POST",
            "header_type": "general",
            "endpoint": "/repos/{owner}/{repo}/pulls",
            "body_params": ["title", "body", "head", "base", "draft"],
            "variables": {
                "owner": "{repo_owner}",
                "repo": "{repo_name}"
            },
            "response_filter": ["html_url"]
        },
        "create_branch": {
            "method": "POST",
            "header_type": "general",
            "endpoint": "/repos/{owner}/{repo}/git/refs",
            "body_params": ["ref", "sha"],
            "variables": {
                "owner": "{repo_owner}",
                "repo": "{repo_name}"
            }
        },
        "check_existing_branch": {
            "method": "GET",
            "header_type": "general",
            "endpoint": "/repos/{owner}/{repo}/branches/{branch}",
            "variables": {
                "owner": "{repo_owner}",
                "repo": "{repo_name}",
                "branch": "{branch_name}"
            },
            "response_filter": ["_links.html"]
        },
        "delete_existing_branch": {
            "method": "DELETE",
            "header_type": "general",
            "endpoint": "/repos/{owner}/{repo}/git/refs/heads/{branch}",
            "variables": {
                "owner": "{repo_owner}",
                "repo": "{repo_name}",
                "branch": "{branch_name}"
            }
        },
        "check_file_sha": {
            "method": "GET",
            "header_type": "general",
            "endpoint": "/repos/{owner}/{repo}/contents/{file_path}?ref={new_branch}",
            "variables": {
                "owner": "{repo_owner}",
                "repo": "{repo_name}",
                "file_path": "{file_path}",
                "new_branch": "{new_branch}"
            },
            "response_filter": ["sha"]
        },
        "update_existing_file": {
            "method": "PUT",
            "header_type": "general",
            "endpoint": "/repos/{owner}/{repo}/contents/{file_path}",
            "body_params": ["message", "content", "sha", "branch"],
            "variables": {
                "owner": "{repo_owner}",
                "repo": "{repo_name}",
                "file_path": "{file_path}"
            }
        },
        "create_new_file": {
            "method": "PUT",
            "header_type": "general",
            "endpoint": "/repos/{owner}/{repo}/contents/{file_path}",
            "body_params": ["message", "content", "branch"],
            "variables": {
                "owner": "{repo_owner}",
                "repo": "{repo_name}",
                "file_path": "{file_path}"
            }
        },
        "get_latest_commit_sha": {
            "method": "GET",
            "header_type": "general",
            "endpoint": "/repos/{owner}/{repo}/branches/{base_branch}",
            "variables": {
                "owner": "{repo_owner}",
                "repo": "{repo_name}",
                "base_branch": "{base_branch}"
            },
            "response_filter": ["commit.sha"]
        },
        "get_last_committer": {
            "method": "GET",
            "header_type": "general",
            "endpoint": "/repos/{owner}/{repo}/commits?path={file_path}&sha={branch}&per_page=1",
            "variables": {
                "owner": "{repo_owner}",
                "repo": "{repo_name}",
                "branch": "{branch}",
                "file_path": "{file_path}"
            },
            "response_filter": ["author.login","commit.author.email"]
        },
        "add_labels_to_pr":{
            "method": "POST",
            "header_type": "general",
            "endpoint": "/repos/{owner}/{repo}/issues/{pr_number}/labels",
            "body_params": ["labels"],
            "variables": {
                "owner": "{repo_owner}",
                "repo": "{repo_name}",
                "pr_number": "{pr_number}"
            },
            "variable_types": {
                "pr_number": "int"
            }
        },
        "check_existing_labels": {
            "method": "GET",
            "header_type": "general",
            "endpoint": "/repos/{owner}/{repo}/labels",
            "variables": {
                "owner": "{repo_owner}",
                "repo": "{repo_name}"
            },
            "response_filter": ["name"]
        },
        "add_reviewers_to_pr": {
            "method": "POST",
            "header_type": "general",
            "endpoint": "/repos/{owner}/{repo}/pulls/{pr_number}/requested_reviewers",
            "body_params": ["reviewers"],
            "variables": {
                "owner": "{repo_owner}",
                "repo": "{repo_name}",
                "pr_number": "{pr_number}"
            },
            "variable_types": {
                "pr_number": "int"
            }
        },
        "add_team_reviewers_to_pr": {
            "method": "POST",
            "header_type": "general",
            "endpoint": "/repos/{owner}/{repo}/pulls/{pr_number}/requested_reviewers",
            "body_params": ["team_reviewers"],
            "variables": {
                "owner": "{repo_owner}",
                "repo": "{repo_name}",
                "pr_number": "{pr_number}"
            },
            "variable_types": {
                "pr_number": "int"
            }
        },
        "get_list_of_reviewers": {
            "method": "GET",
            "header_type": "general",
            "endpoint": "/repos/{owner}/{repo}/pulls/{pr_number}",
            "variables": {
                "owner": "{repo_owner}",
                "repo": "{repo_name}",
                "pr_number": "{pr_number}"
            },
            "variable_types": {
                "pr_number": "int"
            },
            "response_filter": ["requested_reviewers.login"]
        },
        "get_user_details": {
            "method": "GET",
            "header_type": "general",
            "endpoint": "/user",
            "response_filter": ["name", "email"]
        },
        "assign_user_to_pr": {
            "method": "POST",
            "header_type": "general",
            "endpoint": "/repos/{owner}/{repo}/issues/{pr_number}/assignees",
            "body_params": ["assignees"],
            "variables": {
                "owner": "{repo_owner}",
                "repo": "{repo_name}",
                "pr_number": "{pr_number}"
            }
        }, 
        "get_commit_by_id": {
            "method": "GET",
            "header_type": "general",
            "endpoint": "/repos/{owner}/{repo}/commits/{commit_id}",
            "variables": {
                "owner": "{repo_owner}",
                "repo": "{repo_name}",
                "commit_id": "{commit_id}"
            }
        },
        "get_new_commits": {
            "method": "GET",
            "header_type": "general",
            "endpoint": "/repos/{owner}/{repo}/commits?sha={branch}&per_page=100&since={since}",
            "variables": {
                "owner": "{repo_owner}",
                "repo": "{repo_name}",
                "branch": "{branch_name}",
                "since": "{from_date}"
            }
        },
        "get_code_scanning_all_ids": {
            "method": "GET",
            "header_type": "general",
            "endpoint": "/repos/{owner}/{repo}/code-scanning/alerts?per_page=100&state={state}&sort=created&order=desc",
            "variables": {
                "owner": "{repo_owner}",
                "repo": "{repo_name}",
                "state": "{state}"
            },
            "post_filter": [
                { 
                    "type": "date_range",
                    "field":"created_at"
                },
                {
                    "type": "value_match",
                    "field": "rule.id",
                    "param_name": "rules"
                }
            ],
            "response_filter": ["number"]
        },
        "get_code_scanning_alert_instances": {
            "method": "GET",
            "header_type": "general",
            "endpoint": "/repos/{owner}/{repo}/code-scanning/alerts/{alert_number}/instances",
            "variables": {
                "owner": "{repo_owner}",
                "repo": "{repo_name}",
                "alert_number": "{alert_number}"
            },
            "variable_types": {
                "alert_number": "int"
            },
            "response_filter": ["ref"]
        }
    },
    "graphql": {
        "check_pr_merge_status": {
            "method": "POST",
            "header_type": "json",
            "query_file": "templates/external/pr_merge_status.graphql",
            "variables": {
                "owner": "{repo_owner}",
                "repo": "{repo_name}",
                "pr_number": "{pr_number}"
            },
            "variable_types": {
                "pr_number": "int"
            },
            "response_filter": ["data.repository.pullRequest.merged"]
        },
        "blame": {
            "method": "POST",
            "header_type": "json",
            "query_file": "templates/external/blame.graphql",
            "variables": {
                "owner": "{repo_owner}",
                "repo": "{repo_name}",
                "branch": "{branch_name}",
                "path": "{file_path}"
            },
            "post_filter": [
                {
                    "type": "value_match",
                    "field": "data.repository.ref.target.blame.ranges.startingLine",
                    "param_name": "start_line"
                }
            ]
        },
        "test_query": {
            "header_type": "json",
            "query": "query ($owner: String!, $repo: String!, $pr_number: Int!) {repository(owner: $owner, name: $repo) {pullRequest(number: $pr_number) {merged}}}",
            "variables": {
                "owner": "{repo_owner}",
                "repo": "{repo_name}",
                "pr_number": "{pr_number}"
            },
            "variable_types": {
                "pr_number": "int"
            }
        }
    },
    "codeql_old": {
        "codeql_fix": {
            "method": "POST",
            "header_type": "custom_header",
            "body_params": ["alert_num", "include_explanation", "github_instance", "owner", "repo_name", "detect_fp", "pr_platform"]
        }       
    },
    "codeql": {
        "codeql_fix": {
            "method": "POST",
            "header_type": "custom_header",
            "body_params": ["alert_num", "include_explanation", "github_instance", "owner", "repo_name", "detect_fp", "pr_platform"]
        }       
    },
    "codeql_new": {
        "codeql_fix": {
            "method": "POST",
            "header_type": "custom_header",
            "body_params": ["alert_num", "include_explanation", "github_instance", "owner", "repo_name", "detect_fp", "pr_platform"]
        }       
    },
    "dbproxy": {
        "dbproxy_call": {
            "method": "POST",
            "header_type": "custom_header",
            "body_params": []
        }       
    },
    "code_porting": {
        "code_porting": {
            "method": "POST", 
            "header_type": "custom_header",
            "body_params": ["commit_id", "target_branch", "repo_name", "check_components"]
        }
    },
    "coverity_historical": {
        "coverity_historical": {
            "method": "POST",
            "header_type": "custom_header",
            "body_params": ["cid", "is_aecg", "is_xhd", "return_diff", "get_file_information", "include_explanation"]
        }
    }
}
