{
    "demo_codeql": {
        "phases": [
            "pre_process",
            "get_alerts",
            "process_alerts",
            "formatting",
            "create_branch_and_pr",
            "send_email",
            "override_test"
        ],
        "imports": [
            "import os, re",
            "from datetime import datetime, timezone",
            "from scripts.specific_api import SpecificAPI",
            "from scripts.template_formatter import Formatter",
            "from utils.utility_functions import FunctionLibrary",
            "from utils.config_loader import ConfigLoader"
        ],
        "general": "external:templates/external/codeql_workflow_demo.py"
    },
    "testing_codeql": {
        "phases": [
            "pre_process",
            "get_alerts",
            "process_alerts",
            "formatting",
            "create_branch_and_pr",
            "send_email",
            "override_test"
        ],
        "imports": [
            "import os, re, json",
            "from datetime import datetime, timezone",
            "from scripts.specific_api import SpecificAPI",
            "from scripts.template_formatter import Formatter",
            "from utils.utility_functions import FunctionLibrary",
            "from utils.config_loader import ConfigLoader"
        ],
        "general": "external:templates/external/codeql_workflow_testing.py",
        "testing": {
            "pre_process": {
                "after": [
                    "print('DEMO: this is after pre_process phase code injection test')"
                ]
            },
            "formatting": {
                "before": [
                    "print('DEMO: this is before formatting sub-phase code injection test')"
                ],
                "after": [
                    "print('DEMO: this is after formatting sub-phase code injection test')"
                ]
            },
            "override_test": {
                "override": [
                    "print('DEMO: this is override code injection test')",
                    "print('DEMO: second line of override')"
                ]
            }
        }
    },
    "codeql_workflow": {
        "phases": [
            "pre_process",
            "get_alerts",
            "process_alerts",
            "formatting",
            "create_branch_and_pr",
            "send_email"
        ],
        "imports": [
            "import os, re, json",
            "from datetime import datetime, timezone",
            "from scripts.specific_api import SpecificAPI",
            "from scripts.template_formatter import Formatter",
            "from utils.utility_functions import FunctionLibrary"
        ],
        "general": "external:templates/external/codeql_workflow.py",
        "multimedia_mmpal": {
            "pre_process": {
                "after": [
                    "open(os.environ['GITHUB_ENV'], 'a').write(f'USER_NAME=multimedia\\n')"
                ]
            }
        },
        "dal": {
            "formatting": {
                "after": [
                    "def custom_mapping(file_path):",
                    "   path_components = os.path.normpath(file_path).split(os.path.sep)",
                    "   root_folder = path_components[0]",
                    "   match root_folder:",
                    "       case 'dc' | 'include':",
                    "           return 'dc'",
                    "       case 'amdgpu_dm':",
                    "           return 'dm/amdgpu'",
                    "       case 'windows_dm':",
                    "           return 'dm/windows'",
                    "       case 'modules':",
                    "           if len(path_components) > 1:",
                    "               return f'modules/{path_components[1]}'",
                    "           return 'modules'",
                    "       case 'test':",
                    "           if len(path_components) > 1:",
                    "               return f'test/{path_components[1]}'",
                    "           return 'test'",
                    "       case _:",
                    "           return root_folder",
                    "formatter.update_context({\"root_folder\": custom_mapping(file_path)})",  
                    "generated_commit_header = formatter.format(\"generate_commit_header\")",
                    "generated_commit_message = generated_commit_header + '\\n\\n' + generated_commit_description",
                    "generated_pr_title = formatter.format(\"generate_pr_title\")",
                    "if sign_off_message:",
                    "    generated_commit_message += f'\\n\\n{sign_off_message}'"
                ]
            }
        }
    },
    "testing_codeporting": {
        "phases": [
            "pre_process",
            "get_commits",
            "process_commits",
            "create_branch_and_pr",
            "prepare_and_send_email"
        ],
        "imports": [
            "import os, re, requests, sys",
            "from scripts.specific_api import SpecificAPI",
            "from scripts.template_formatter import Formatter",
            "from scripts.workflow_executor import WorkflowExecutor",
            "from utils.utility_functions import FunctionLibrary",
            "from utils.config_loader import ConfigLoader",
            "from collections import defaultdict",
            "from datetime import datetime",
            "from urllib.parse import urlparse"
        ],
        "general": "external:templates/external/codeporting_workflow.py"
    },
    "codeporting_workflow": {
        "phases": [
            "pre_process",
            "get_commits",
            "process_commits",
            "create_branch_and_pr",
            "prepare_and_send_email"
        ],
        "imports": [
            "import os, re, requests, sys",
            "from scripts.specific_api import SpecificAPI",
            "from scripts.template_formatter import Formatter",
            "from scripts.workflow_executor import WorkflowExecutor",
            "from utils.utility_functions import FunctionLibrary",
            "from utils.config_loader import ConfigLoader",
            "from collections import defaultdict",
            "from datetime import datetime",
            "from urllib.parse import urlparse"
        ],
        "general": "external:templates/external/codeporting_workflow.py"
    },
    "coverity_historical_workflow": {
        "phases": [
            "pre_process",
            "get_CIDs",
            "process_CIDs",
            "formatting",
            "create_branch_and_pr",
            "send_email"
        ],
        "imports": [
            "import os, re",
            "from datetime import datetime, timezone",
            "from scripts.specific_api import SpecificAPI",
            "from scripts.template_formatter import Formatter",
            "from utils.utility_functions import FunctionLibrary"
        ],
        "general": "external:templates/external/coverity_historical_workflow.py"
    }
}
