[{
    "common_header": "AI Bot Analysis - Please provide feedback via like :+1: or dislike :-1: and [email us](mailto:dl.ai_code_review@amd.com).\n",
    "common_header_test": "This is a TEST COMMENT! Please disregard its contents.\n\n",
    "common_footer": "> **Disclaimer:** Code provided by the AI tool is to be used for internal reference purposes only and shall not be incorporated into the AMD codebase. In addition, your use of the AI Tool is subject to the [AMD Requirements for AI Pilot Program Evaluation.pdf](https://amdcloud.sharepoint.com/:b:/r/sites/amd-legal/Shared%20Documents/AMD%20Requirements%20for%20AI%20Pilot%20Program%20Evaluation.pdf?csf=1&web=1&e=wDKUS9)"
},
{
    "prompts": [
        "1. In the code provided below, can the added code be significantly improved for readability, clarity, simplicity, or better naming? Added code is defined by the lines starting with '+'.\n2. Assume that functions or variables referenced are implemented, declared or defined elsewhere and may not be provided in this code. \n3. If improvements can be made to the added code:\n{expected_positive}\n4. If the added code is well implemented or the issues that you find are not related to readability, clarity, simplification, and better naming, say: {expected_negative}.\n5. Examine the following code:\n"
    ],
    "post_process_prompt": "Analyze the provided pull request review comments and rank them based on their significance on a scale from 1 to 10, where 10 represents critical issues, 5 moderate importance, and 1 minimal impact.\nThe input comments will be provided as a dictionary {\"index\": {\"comment\": \"comment details\"}}. For example:\n{\"0\": {\"comment\": \"The code is too long and it's ...\"},\n\"1\": {\"comment\": \"The code can be improved by doing ...\"}}\nGenerate an output dictionary containing pairs of the original comment index and its significance ranking, accompanied by an analysis explaining the rankings.\nAn example output is: {0:7, 1:10}, where 0, 1 are the sorted comment indices and 7, 10 are their significance ranks.\nAnalysis: \"<your analysis>\"\nReview the following comments as described above:\n",
    "response_header": "**Issue Checker - Code Clarity:**",
    "response_footer": "",
    "comment_type": "review",
    "expected_positive": "\ta. Begin your output with: 'Yes, the code can be improved.'.\n\tb. Provide the the improved code as short text and code(with ``` around the code), using the hunk notation for the relevant code sections.\n\tc. Rate your confidence level of the improvement on a scale of 1 to 10, with 1 being low confidence and 10 being high confidence.\n\td. An example output should look like:\n{example_output}",
    "expected_negative": "No issues",
    "positive_start": "Yes, the code can be improved.\n",
    "example_output": "Yes, the code can be improved.\nHunk @@ -10,9 +10,9 @@: {your fix as text and ```{code}```}\nConfidence: 5.0\n",
    "short_name": "code_clarity",
    "code_change_type": "added",
    "context_level": "full",
    "exit_issue_level": 2
}
]