[{
    "common_header": "AI Bot Analysis - Please provide feedback via like :+1: or dislike :-1: and [email us](mailto:dl.ai_code_review@amd.com).\n",
    "common_header_test": "This is a TEST COMMENT! Please disregard its contents.\n\n",
    "common_footer": "> **Disclaimer:** Code provided by the AI tool is to be used for internal reference purposes only and shall not be incorporated into the AMD codebase. In addition, your use of the AI Tool is subject to the [AMD Requirements for AI Pilot Program Evaluation.pdf](https://amdcloud.sharepoint.com/:b:/r/sites/amd-legal/Shared%20Documents/AMD%20Requirements%20for%20AI%20Pilot%20Program%20Evaluation.pdf?csf=1&web=1&e=wDKUS9)"
},
{
    "prompts": [
        "1. In the code provided below, are there any potential issues in the added code? Added code is defined by the lines starting with '+'.\n2. Assume that functions or variables referenced are implemented, declared or defined elsewhere and may not be provided in this code.\n3. If there are issues in the added code:\n{expected_positive}\n4. If no issues are found, say: {expected_negative}.\n5. Examine the following code:\n",
        "Given the potential issues you have just identified, remove any that are related to undefined functions or variables. For the remaining issues, double check if they are correct and relevant to the given code snippet. Output the same object you did previously without the filtered elements. If there are no issues left, say: {expected_negative}. Do not include any new text."
    ],
    "post_process_prompt": "Analyze the provided pull request review comments and rank them based on their significance on a scale from 1 to 10, where 10 represents critical issues, 5 moderate importance, and 1 minimal impact.\nThe input comments will be provided as a dictionary {\"index\": {\"comment\": \"comment details\"}}. For example:\n{\"0\": {\"comment\": \"The code is too long and it's ...\"},\n\"1\": {\"comment\": \"The code has the following issue ...\"}}\nGenerate an output dictionary containing pairs of the original comment index and its significance ranking, accompanied by an analysis explaining the rankings.\nAn example output is: {0:7, 1:10}, where 0, 1 are the sorted comment indices and 7, 10 are their significance ranks.\n**Analysis**: \"<your analysis>\"\nReview the following comments as described above:\n",
    "response_header": "**Potential Issues:**",
    "response_footer": "",
    "comment_type": "review",
    "expected_positive": "\ta. Begin your output with: 'Yes, there are potential issues.'.\n\tb. Identify the most important issue in the added code.\n\tc. Provide the suggested fix(or fixes) as short text and code(with ``` around the code), using the hunk notation for the relevant code sections.\n\td. Rate your confidence level of the detected issue on a scale of 1 to 10, with 1 being low confidence and 10 being high confidence.\n\te. An example output should look like:\n{example_output}",
    "expected_negative": "No issues",
    "positive_start": "Yes, there are potential issues.\n",
    "example_output": "Yes, there are potential issues.\nHunk @@ -10,9 +10,9 @@: {your fix as text and ```{code}```}\nConfidence: 5.0\n",
    "short_name": "potential_issues",
    "code_change_type": "added",
    "context_level": "full",
    "engine": "openai",
    "exit_issue_level": 3
}
]