[{
    "common_header": "AI Bot Analysis - Please provide feedback via like :+1: or dislike :-1: and [email us](mailto:dl.ai_code_review@amd.com).\n",
    "common_header_test": "This is a TEST COMMENT! Please disregard its contents.\n\n",
    "common_footer": "> **Disclaimer:** Code provided by the AI tool is to be used for internal reference purposes only and shall not be incorporated into the AMD codebase. In addition, your use of the AI Tool is subject to the [AMD Requirements for AI Pilot Program Evaluation.pdf](https://amdcloud.sharepoint.com/:b:/r/sites/amd-legal/Shared%20Documents/AMD%20Requirements%20for%20AI%20Pilot%20Program%20Evaluation.pdf?csf=1&web=1&e=wDKUS9)"
},
{
    "prompts": [
        "A. In the code provided below, are there any potential issues in the added code? Added code is defined by the lines starting with '+'. Analyze the added code and only look for the following potential errors:\n 1) Source lines must be no more than 120 characters long.\n 2) Spaces must be used for spacing and indentation, not TABs.\n 3) Four characters must be used for indentation.\n 4) Each source line must not contain more than one statement.\n 5) There should not be trailing whitespace.\n If there are issues in the added code: {expected_positive}. If no issues are found, say: {expected_negative}. Examine the following code:\n"
        ],
    "post_process_prompt": "Analyze the provided pull request review comments and rank them based on their significance on a scale from 1 to 10, where 10 represents critical issues, 5 moderate importance, and 1 minimal impact.\nThe input comments will be provided as a dictionary {\"index\": {\"comment\": \"comment details\"}}. For example:\n{\"0\": {\"comment\": \"The code is too long and it's ...\"},\n\"1\": {\"comment\": \"The code has the following issue ...\"}}\nGenerate an output dictionary containing pairs of the original comment index and its significance ranking, accompanied by an analysis explaining the rankings.\nAn example output is: {0:7, 1:10}, where 0, 1 are the sorted comment indices and 7, 10 are their significance ranks.\nAnalysis: \"<your analysis>\"\nReview the following comments as described above:\n",
    "response_header": "**PAL-General:**",
    "response_footer": "",
    "comment_type": "review",
    "expected_positive": "\ta. Begin your output with: 'Yes, there are potential issues.'.\n\tb. Identify the most important issue in the added code.\n\tc. Provide the suggested fix(or fixes) as short text and code(with ``` around the code), using the hunk notation for the relevant code sections.\n\td. Rate your confidence level of the detected issue on a scale of 1 to 10, with 1 being low confidence and 10 being high confidence.\n\te. An example output should look like:\n{example_output}",
    "expected_negative": "No issues",
    "positive_start": "Yes, there are potential issues.\n",
    "example_output": "Yes, there are potential issues.\nHunk @@ -10,9 +10,9 @@: {your fix as text and ```{code}```}\nConfidence: 5.0\n",
    "short_name": "pal_general",
    "code_change_type": "added",
    "context_level": "diff",
    "exit_issue_level": 3
},
{
    "prompts": [
        "A. In the code provided below, are there any potential issues in the added code? Added code is defined by the lines starting with '+'. Analyze the added code and only look for the following potential errors:\n 1) The C++ Standard Library is not used, except for implementing a templated function or class, using helpers from the type_traits header and std::numeric_limits, implementing atomic values and thread barriers using the std atomic header, using the std bit header for bit-casts and bit fiddling, and using the std chrono header when dealing with time.\n 2) The code does not use any function that may allocate memory, throw exceptions, or offload work to the GPU.\n 3) Standard I/O stream functionality (i.e., cin, cout, cerr, clog) is not used.\n 4) goto statements are not used.\n 5) Operator overloading is used sparingly and only when the meaning of the operator is preserved.\n 6) The code does not throw exceptions.\n 7) Non-const references are not used except where needed in required constructors, etc.\n 8) nullptr is used instead of 0 or NULL when assigning or comparing null pointer values.\n 9) Magic numbers are replaced with predefined constants with meaningful names.\n 10) Assertions do not change the state of the program and are used to verify invariants and document the expected state of the program.\n 11) The code uses C++20 constructs such as [[nodiscard]], [[noreturn]], [[fallthrough]], or [[unlikely]] where appropriate.\n 12) Storage class is specified for all enums.\n 13) Strong enums (enum class) are used as applicable.\n 14) static_assert is used for compile-time assertions.\n 15) constexpr is used to identify compile-time constant values and functions.\n 16) Use of auto is limited to cases where specifying the type is either impossible or reduces readability.\n 17) Function names are not overloaded for class hierarchies.\n 18) Inline assembly is not used.\n If there are issues in the added code: {expected_positive}. If no issues are found, say: {expected_negative}. Examine the following code:\n"
    ],
    "post_process_prompt": "Analyze the provided pull request review comments and rank them based on their significance on a scale from 1 to 10, where 10 represents critical issues, 5 moderate importance, and 1 minimal impact.\nThe input comments will be provided as a dictionary {\"index\": {\"comment\": \"comment details\"}}. For example:\n{\"0\": {\"comment\": \"The code is too long and it's ...\"},\n\"1\": {\"comment\": \"The code has the following issue ...\"}}\nGenerate an output dictionary containing pairs of the original comment index and its significance ranking, accompanied by an analysis explaining the rankings.\nAn example output is: {0:7, 1:10}, where 0, 1 are the sorted comment indices and 7, 10 are their significance ranks.\nAnalysis: \"<your analysis>\"\nReview the following comments as described above:\n",
    "response_header": "**PAL-General-Language-Restrictions:**",
    "response_footer": "",
    "comment_type": "review",
    "expected_positive": "\ta. Begin your output with: 'Yes, there are potential issues.'.\n\tb. Identify the most important issue in the added code.\n\tc. Provide the suggested fix(or fixes) as short text and code(with ``` around the code), using the hunk notation for the relevant code sections.\n\td. Rate your confidence level of the detected issue on a scale of 1 to 10, with 1 being low confidence and 10 being high confidence.\n\te. An example output should look like:\n{example_output}",
    "expected_negative": "No issues",
    "positive_start": "Yes, there are potential issues.\n",
    "example_output": "Yes, there are potential issues.\nHunk @@ -10,9 +10,9 @@: {your fix as text and ```{code}```}\nConfidence: 5.0\n",
    "short_name": "pal_general_language_restrictions",
    "code_change_type": "added",
    "context_level": "diff",
    "exit_issue_level": 3
},
{
    "prompts": [
        "A. In the code provided below, are there any potential issues in the added code? Added code is defined by the lines starting with '+'. Analyze the added code and only look for the following potential errors:\n 1) Preprocessor #if constructs are used instead of #ifdef and #ifndef, except when determining a default for a macro or when it's the recommended way of doing things for a particular platform.\n 2) Preprocessor macros are not used. Instead, methods or functions are implemented and used.\n 3) The code does not contain blocks of code that are commented out or compiled out with an #if 0 / #endif wrapper. If such blocks are present, they are well commented with a compelling reason for their presence.\n 4) Constants or enumerations are used instead of #defines.\n 5) Compiler-specific preprocessor #pragma directives are not used to disable compiler warnings.\n If there are issues in the added code: {expected_positive}. If no issues are found, say: {expected_negative}. Examine the following code: \n"
    ],
    "post_process_prompt": "Analyze the provided pull request review comments and rank them based on their significance on a scale from 1 to 10, where 10 represents critical issues, 5 moderate importance, and 1 minimal impact.\nThe input comments will be provided as a dictionary {\"index\": {\"comment\": \"comment details\"}}. For example:\n{\"0\": {\"comment\": \"The code is too long and it's ...\"},\n\"1\": {\"comment\": \"The code has the following issue ...\"}}\nGenerate an output dictionary containing pairs of the original comment index and its significance ranking, accompanied by an analysis explaining the rankings.\nAn example output is: {0:7, 1:10}, where 0, 1 are the sorted comment indices and 7, 10 are their significance ranks.\nAnalysis: \"<your analysis>\"\nReview the following comments as described above:\n",
    "response_header": "**PAL-Preprocessor:**",
    "response_footer": "",
    "comment_type": "review",
    "expected_positive": "\ta. Begin your output with: 'Yes, there are potential issues.'.\n\tb. Identify the most important issue in the added code.\n\tc. Provide the suggested fix(or fixes) as short text and code(with ``` around the code), using the hunk notation for the relevant code sections.\n\td. Rate your confidence level of the detected issue on a scale of 1 to 10, with 1 being low confidence and 10 being high confidence.\n\te. An example output should look like:\n{example_output}",
    "expected_negative": "No issues",
    "positive_start": "Yes, there are potential issues.\n",
    "example_output": "Yes, there are potential issues.\nHunk @@ -10,9 +10,9 @@: {your fix as text and ```{code}```}\nConfidence: 5.0\n",
    "short_name": "pal_preprocessor",
    "code_change_type": "added",
    "context_level": "diff",
    "exit_issue_level": 3
}
]
