[{
    "common_header": "AI Bot Analysis - Please provide feedback via like :+1: or dislike :-1: and [email us](mailto:dl.ai_code_review@amd.com).\n",
    "common_header_test": "This is a TEST COMMENT! Please disregard its contents.\n\n",
    "common_footer": "> **Disclaimer:** Code provided by the AI tool is to be used for internal reference purposes only and shall not be incorporated into the AMD codebase. In addition, your use of the AI Tool is subject to the [AMD Requirements for AI Pilot Program Evaluation.pdf](https://amdcloud.sharepoint.com/:b:/r/sites/amd-legal/Shared%20Documents/AMD%20Requirements%20for%20AI%20Pilot%20Program%20Evaluation.pdf?csf=1&web=1&e=wDKUS9)"
},
{
    "prompts": [
        "Provide a concise description of the most important file changes. Limit each description to one sentence:\n"
    ],
    "post_process_prompt": "Summarize the following code description into the most important points. Provide at most 5 enumerated points. Start each enumerated point with the related filename.\n",
    "response_header": "Here's a description of your most important changes:",
    "response_footer": "",
    "comment_type": "conversation",
    "expected_positive": "",
    "expected_negative": "",
    "positive_start": "",
    "example_output": "",
    "short_name": "description",
    "code_change_type": "all",
    "context_level": "diff",
    "engine": "openai",
    "exit_issue_level": 1
}
]