{
    "generate_commit_header": "{ticket_id} - {root_folder}: {rule_header}",
    "generate_commit_description": "[Why and How]\n\n{rule_description}",
    "generate_pr_title": "{ticket_id} - {root_folder}: {rule_header} - EXTERNAL",
    "generate_pr_description": "Alert#{alert_number} - {alert_description}\n\nAlert url: {alert_url}\n\nAlert severity: {alert_severity}\n\n{fix_explanation} - EXTERNAL",
    "sign_off_message": "Signed-off-by: {signoff_user} <{signoff_email}>",
    "reviewer_list": "TEAM_EXTERNAL_REVIEWERS",
    "email_recipients": "TEAM_EXTERNAL_RECIPIENTS",
    "label_list": "TEAM_EXTERNAL_LABELS",
    "base_branch": "TEAM_EXTERNAL_BRANCH",
    "rules": "external:demo_ext2_rules.txt",
    "ticket_id": "EXTCKT_001"
}