{
    "config_blueprint": {
        "base_url_desc": "API base URL, supports multi environment",
        "base_url": {
            "dev": "dev_url",
            "prod": "prod_url",
            "qa": "qa_url"
        },
        "auth_method_desc": "Supported authentication methods - bearer_token(token_from_secret), basic_auth(password_from_secret), custom_header(custom_header/api_key_from_secret)",
        "auth_method": "bearer_token",
        "token_from_secret": "TOKEN_VARIABLE",
        "headers_desc": "",
        "headers": {
            "json": {
                "Content-Type": "application/json"
            }
        },
        "retries_desc": "Number of connection retries",
        "retries": 3,
        "timeout_desc": "Seconds between connection retries",
        "timeout": 10,
        "verify_ssl_desc": "",
        "verify_ssl": false
    },
    "github": {
        "base_url": {
            "emu": "https://api.github.com",
            "enterprise": "https://github.amd.com/api/v3"
        },
        "auth_method": "bearer_token",
        "token_from_secret": "GITHUB_API_KEY",
        "headers": {
            "diff": {
                "Accept": "application/vnd.github.diff"
            },
            "comment": {
                "Accept": "application/vnd.github+json"
            },
            "general": {
                "Accept": "application/vnd.github.v3+json"
            },
            "raw": {
                "Accept": "application/vnd.github.v3+json.raw"
            }
        },
        "retries": 3,
        "timeout": 10
    },
    "artifactory": {
        "base_url": "https://artifactory.example.com",
        "api_token": "secrets_artifactory_token"
    }, 
    "elastic": {
        "base_url": "https://elastic.com",
        "api_token": "secrets_elastic_token"
    },
    "graphql_old": {
        "base_url": "https://github.amd.com/api/graphql",
        "api_token": "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"
    },
    "graphql": {
        "base_url": {
            "emu": "https://api.github.com/graphql",
            "enterprise": "https://github.amd.com/api/graphql"
        },
        "auth_method": "bearer_token",
        "token_from_secret": "GITHUB_API_KEY",
        "headers": {
            "default": {},
            "json": {
                "Content-Type": "application/json"
            }
        },
        "retries": 3,
        "timeout": 60
    },
    "codeql_old": {
        "base_url": {
            "dev": "http://mkdcvllmapp10.amd.com:8000/fix_from_alert_num",
            "prod":"http://mkdcvllmapp09.amd.com:8000/fix_from_alert_num"
        },
        "auth_method": "custom_header",
        "custom_header": "x-api-key",
        "api_key_from_secret": "CODEQL_OLD_API_KEY",
        "retries": 3,
        "timeout": 180,
        "verify_ssl": false
    },
    "codeql": {
        "base_url": {
            "dev": "https://intelligence.amd.com/lcfg/stg/fix_from_alert_num",
            "prod":"https://intelligence.amd.com/lcfg/na/fix_from_alert_num"
        },
        "auth_method": "custom_header",
        "custom_headers": {
            "Ocp-Apim-Subscription-Key": {"from_env": "CODEQL_API_KEY"},
            "username": {"from_env": "USER_NAME"}
        },
        "retries": 3,
        "timeout": 400,
        "verify_ssl": false
    },
    "dbproxy": {
        "base_url": {
            "prod":"https://intelligence.amd.com/lcfg/na/fix_from_json_file_and_pr_link"
        },
        "auth_method": "custom_header",
        "custom_headers": {
            "Ocp-Apim-Subscription-Key": {"from_env": "DBPROXY_API_KEY"}
        },
        "retries": 3,
        "timeout": 180,
        "verify_ssl": false
    },
    "code_porting": {
        "base_url": {
            "prod": "https://intelligence.amd.com/lcp/na/port_commit",
            "dev": "https://intelligence.amd.com/lcp/stg/port_commit"
        },
        "auth_method": "custom_header",
        "custom_headers": {
            "Ocp-Apim-Subscription-Key": {"from_env": "CODEQL_API_KEY"},
            "username": {"from_env": "USER_NAME"}
        },
        "retries": 3,
        "timeout": 1800,
        "verify_ssl": false 
    },
    "coverity_historical": {
        "base_url": {
            "prod": "https://intelligence.amd.com/lcfg/na/fix_from_cid",
            "dev": "https://intelligence.amd.com/lcfg/stg/fix_from_cid"
        },
        "auth_method": "custom_header",
        "custom_headers": {
            "Ocp-Apim-Subscription-Key": {"from_env": "COVERITY_FIX_GENERATION_API_KEY"},
            "username": {"from_env": "USER_NAME"}
        },
        "retries": 3,
        "timeout": 400,
        "verify_ssl": false
    }
}
