{
    "python": [
        {
            "Rule ID": 1,
            "Rule Heading": "Control Flow",
            "Rule Sub-heading": "\"break\" and \"continue\" should not be used outside a loop",
            "Rule-Details": "break and continue are unstructured control flow statements which make code harder to read. Additionally, more recent versions of Python raise a SyntaxError when modules containing break or continue outside of a loop are imported. Therefore, these statements should not be used outside of loops.",
            "Priority": "L1",
            "Solvable": "Y"
        },
        {
            "Rule ID": 2,
            "Rule Heading": "Error Handling",
            "Rule Sub-heading": "\"Exception\" and \"BaseException\" should not be raised",
            "Rule-Details": "Raising instances of Exception and BaseException will have a negative impact on any code trying to catch these exceptions. It is recommended to raise more specific exceptions or create custom exception classes.",
            "Priority": "L1",
            "Solvable": "Y"
        },
        {
            "Rule ID": 3,
            "Rule Heading": "Code Quality",
            "Rule Sub-heading": "\"pass\" should not be used needlessly",
            "Rule-Details": "The use of a pass statement where it’s not required by the syntax is pure cruft and should be removed.",
            "Priority": "L1",
            "Solvable": "Y"
        },
        {
            "Rule ID": 4,
            "Rule Heading": "Naming Convention",
            "Rule Sub-heading": "A field should not duplicate the name of its containing class",
            "Rule-Details": "Best practice dictates that any field or member with the same name as the enclosing class be renamed to be more descriptive.",
            "Priority": "L1",
            "Solvable": "N"
        },
        {
            "Rule ID": 5,
            "Rule Heading": "Control Flow",
            "Rule Sub-heading": "All \"except\" blocks should be able to catch exceptions",
            "Rule-Details": "In some contexts an except block is dead code as it will never catch any exception. The order of exception handlers should be considered carefully to ensure proper exception handling.",
            "Priority": "L1",
            "Solvable": "Y"
        },
        {
            "Rule ID": 6,
            "Rule Heading": "Unused code",
            "Rule Sub-heading": "All code should be reachable",
            "Rule-Details": "Jump statements like return, break, continue, and raise move control flow out of the current code block, leading to dead code.",
            "Priority": "L1",
            "Solvable": "Y"
        },
        {
            "Rule ID": 7,
            "Rule Heading": "String formatting",
            "Rule Sub-heading": "Alternation in regular expressions should not contain empty alternatives",
            "Rule-Details": "If one of the alternatives in a regex is empty, it would match any input, which is most probably a mistake.",
            "Priority": "L1",
            "Solvable": "Y"
        },
        {
            "Rule ID": 8,
            "Rule Heading": "Comparisons",
            "Rule Sub-heading": "Boolean checks should not be inverted",
            "Rule-Details": "It is needlessly complex to invert the result of a boolean comparison. The opposite comparison should be made instead.",
            "Priority": "L1",
            "Solvable": "Y"
        },
        {
            "Rule ID": 9,
            "Rule Heading": "Control flow",
            "Rule Sub-heading": "Break, continue and return statements should not occur in \"finally\" blocks",
            "Rule-Details": "Using return, break or continue in a finally block suppresses the propagation of any unhandled exception.",
            "Priority": "L1",
            "Solvable": "Y"
        },
        {
            "Rule ID": 10,
            "Rule Heading": "Comparisons",
            "Rule Sub-heading": "Character classes should be preferred over reluctant quantifiers in regular expressions",
            "Rule-Details": "Reluctant quantifiers can lead to inefficient regex performance. It's better to use character classes when possible.",
            "Priority": "L1",
            "Solvable": "Y"
        },
        {
            "Rule ID": 11,
            "Rule Heading": "Code Quality",
            "Rule Sub-heading": "Collapsible \"if\" statements should be merged",
            "Rule-Details": "Merging collapsible if statements increases the code’s readability.",
            "Priority": "L1",
            "Solvable": "Y"
        },
        {
            "Rule ID": 12,
            "Rule Heading": "Comments and Docstrings",
            "Rule Sub-heading": "Comments should not be located at the end of lines of code",
            "Rule-Details": "Single-line comments should be placed on their own line preceding the code they describe.",
            "Priority": "L1",
            "Solvable": "Y"
        },
        {
            "Rule ID": 13,
            "Rule Heading": "Control flow",
            "Rule Sub-heading": "Conditional expressions should not be nested",
            "Rule-Details": "Nesting conditional expressions makes code harder to read; clarity should be prioritized using separate statements.",
            "Priority": "L1",
            "Solvable": "Y"
        },
        {
            "Rule ID": 14,
            "Rule Heading": "Control flow",
            "Rule Sub-heading": "Control flow statements \"if\", \"for\", \"while\", \"try\" and \"with\" should not be nested too deeply",
            "Rule-Details": "Nested control flow statements can make code hard to read. The maximum allowed depth is 4.",
            "Priority": "L1",
            "Solvable": "Y"
        },
        {
            "Rule ID": 15,
            "Rule Heading": "Comments and Docstrings",
            "Rule Sub-heading": "Docstrings should be defined",
            "Rule-Details": "Docstrings should document what the code does, its return values, and requirements. They should be enclosed in triple double-quotes.",
            "Priority": "L1",
            "Solvable": "Y"
        },
        {
            "Rule ID": 16,
            "Rule Heading": "Error Handling",
            "Rule Sub-heading": "Functions should not contain too many return statements",
            "Rule-Details": "Too many return statements in a function increase complexity and make the logic harder to follow. Maximum allowed is 3.",
            "Priority": "L1",
            "Solvable": "Y"
        },
        {
            "Rule ID": 17,
            "Rule Heading": "Comparisons",
            "Rule Sub-heading": "Increment and decrement operators should not be used",
            "Rule-Details": "Python does not support ++ or -- operators. Use += 1 and -= 1 for increments and decrements.",
            "Priority": "L1",
            "Solvable": "Y"
        },
        {
            "Rule ID": 18,
            "Rule Heading": "Naming Convention",
            "Rule Sub-heading": "Instance and class methods should have at least one positional parameter",
            "Rule-Details": "Instance methods should have a 'self' parameter. Class methods should have a 'cls' parameter.",
            "Priority": "L1",
            "Solvable": "N"
        },
        {
            "Rule ID": 19,
            "Rule Heading": "Control Flow",
            "Rule Sub-heading": "Iterable unpacking, \"for-in\" loops and \"yield from\" should use an Iterable object",
            "Rule-Details": "For-in loops and yield from should only work with iterable objects.",
            "Priority": "L1",
            "Solvable": "Y"
        },
        {
            "Rule ID": 20,
            "Rule Heading": "Control Flow",
            "Rule Sub-heading": "Loops without \"break\" should not have \"else\" clauses",
            "Rule-Details": "A loop's else clause is skipped when break is executed. Without a break, else is effectively always executed and should be removed.",
            "Priority": "L1",
            "Solvable": "Y"
        },
        {
            "Rule ID": 21,
            "Rule Heading": "Naming Convention",
            "Rule Sub-heading": "Methods and field names should not differ only by capitalization",
            "Rule-Details": "Methods should be action-oriented and distinct from field names, avoiding capitalization-only differences.",
            "Priority": "L1",
            "Solvable": "N"
        },
        {
            "Rule ID": 22,
            "Rule Heading": "Types and Declarations",
            "Rule Sub-heading": "Methods and properties that don't access instance data should be static",
            "Rule-Details": "Methods not accessing instance data should be decorated with @staticmethod to improve performance.",
            "Priority": "L1",
            "Solvable": "N"
        },
        {
            "Rule ID": 23,
            "Rule Heading": "Code Quality",
            "Rule Sub-heading": "Redundant pairs of parentheses should be removed",
            "Rule-Details": "Redundant parentheses can be misleading and should be removed for clarity.",
            "Priority": "L1",
            "Solvable": "Y"
        },
        {
            "Rule ID": 24,
            "Rule Heading": "Code Quality",
            "Rule Sub-heading": "Sections of code should not be commented out",
            "Rule-Details": "Commented-out code should be removed to improve readability; it can be retrieved from version control if needed.",
            "Priority": "L1",
            "Solvable": "N"
        },
        {
            "Rule ID": 25,
            "Rule Heading": "Code Quality",
            "Rule Sub-heading": "Statements should be on separate lines",
            "Rule-Details": "For better readability, do not put more than one statement on a single line.",
            "Priority": "L1",
            "Solvable": "Y"
        },
        {
            "Rule ID": 26,
            "Rule Heading": "String formatting",
            "Rule Sub-heading": "String formatting should be used correctly",
            "Rule-Details": "Strings should be formatted with valid syntax using the appropriate method (%, str.format, or f-strings).",
            "Priority": "L1",
            "Solvable": "Y"
        },
        {
            "Rule ID": 27,
            "Rule Heading": "Code Quality",
            "Rule Sub-heading": "Unused function parameters should be removed",
            "Rule-Details": "Unused parameters are misleading and should be removed to clarify function behavior.",
            "Priority": "L1",
            "Solvable": "N"
        },
        {
            "Rule ID": 28,
            "Rule Heading": "Code Quality",
            "Rule Sub-heading": "Unused private nested classes should be removed",
            "Rule-Details": "Unused private nested classes are dead code that should be removed to prevent confusion and reduce code size.",
            "Priority": "L1",
            "Solvable": "N"
        },
        {
            "Rule ID": 29,
            "Rule Heading": "Naming Convention",
            "Rule Sub-heading": "Package and Module Names",
            "Rule-Details": "Modules should have short, all-lowercase names. Underscores can be used for readability. Discourage underscores in package names.",
            "Priority": "L1",
            "Solvable": "N"
        },
        {
            "Rule ID": 30,
            "Rule Heading": "Naming Convention",
            "Rule Sub-heading": "Class Names",
            "Rule-Details": "Class names should use the CapWords convention.",
            "Priority": "L1",
            "Solvable": "N"
        },
        {
            "Rule ID": 31,
            "Rule Heading": "Naming Convention",
            "Rule Sub-heading": "Type Variable Names",
            "Rule-Details": "Type variables should use CapWords with suffixes for covariant or contravariant variables as needed.",
            "Priority": "L1",
            "Solvable": "Local"
        },
        {
            "Rule ID": 32,
            "Rule Heading": "Naming Convention",
            "Rule Sub-heading": "Function names",
            "Rule-Details": "Function names should be lowercase with underscores for readability.",
            "Priority": "L1",
            "Solvable": "N"
        },
        {
            "Rule ID": 33,
            "Rule Heading": "Naming Convention",
            "Rule Sub-heading": "Variable Names",
            "Rule-Details": "Variable names should be lowercase with underscores for readability, similar to function names.",
            "Priority": "L1",
            "Solvable": "Local"
        },
        {
            "Rule ID": 34,
            "Rule Heading": "Naming Convention",
            "Rule Sub-heading": "Function and method arguments",
            "Rule-Details": "Use `self` for the first argument of instance methods and `cls` for class methods. Avoid using reserved keywords as argument names.",
            "Priority": "L1",
            "Solvable": "N"
        },
        {
            "Rule ID": 35,
            "Rule Heading": "Naming Convention",
            "Rule Sub-heading": "Method names and instance variables",
            "Rule-Details": "Follow function naming rules: lowercase with underscores. Use one leading underscore for non-public methods and variables.",
            "Priority": "L1",
            "Solvable": "N"
        },
        {
            "Rule ID": 36,
            "Rule Heading": "Naming Convention",
            "Rule Sub-heading": "Constants",
            "Rule-Details": "Constants should be named with all caps and underscores, and typically defined at the module level.",
            "Priority": "L1",
            "Solvable": "Local"
        },
        {
            "Rule ID": 37,
            "Rule Heading": "Comparisons",
            "Rule Sub-heading": "Comparison to singleton",
            "Rule-Details": "Comparisons to None should use is or is not, rather than equality operators.",
            "Priority": "L1",
            "Solvable": "Y"
        },
        {
            "Rule ID": 38,
            "Rule Heading": "Comparisons",
            "Rule Sub-heading": "Prefix or suffix check",
            "Rule-Details": "Use `str.startswith()` and `str.endswith()` for checking prefixes and suffixes instead of string slicing.",
            "Priority": "L1",
            "Solvable": "Y"
        },
        {
            "Rule ID": 39,
            "Rule Heading": "Comparisons",
            "Rule Sub-heading": "Object type comparisons",
            "Rule-Details": "Always use isinstance() for object type comparisons.",
            "Priority": "L1",
            "Solvable": "Y"
        },
        {
            "Rule ID": 40,
            "Rule Heading": "Comparisons",
            "Rule Sub-heading": "Empty sequences",
            "Rule-Details": "For sequences, use the fact that empty sequences are false in boolean contexts.",
            "Priority": "L1",
            "Solvable": "Y"
        },
        {
            "Rule ID": 41,
            "Rule Heading": "Comparisons",
            "Rule Sub-heading": "Comparison of boolean statements",
            "Rule-Details": "Avoid comparing boolean values to True or False using ==, instead rely on the boolean context.",
            "Priority": "L1",
            "Solvable": "Y"
        }
    ],
    "cpp": [
        {
            "Rule ID": 1,
            "Rule Heading": "General Language Restrictions",
            "Rule Sub-heading": "Goto statements",
            "Rule-Details": "goto statements must not be used.",
            "Priority": "L2",
            "Solvable": "Y"
        },
        {
            "Rule ID": 2,
            "Rule Heading": "General Language Restrictions",
            "Rule Sub-heading": "Non-const references",
            "Rule-Details": "Non-const references must not be used except where needed in required constructors",
            "Priority": "L1",
            "Solvable": "Local"
        },
        {
            "Rule ID": 3,
            "Rule Heading": "General Language Restrictions",
            "Rule Sub-heading": "Comparing null pointer values",
            "Rule-Details": "nullptr must be used instead of 0 or NULL when assigning or comparing null pointer values.",
            "Priority": "L1",
            "Solvable": "Y"
        },
        {
            "Rule ID": 4,
            "Rule Heading": "Preprocessor",
            "Rule Sub-heading": "Use of constants or enumerations",
            "Rule-Details": "Constants or enumerations should be used instead of #defines.",
            "Priority": "L1",
            "Solvable": "Local"
        },
        {
            "Rule ID": 5,
            "Rule Heading": "Naming Conventions",
            "Rule Sub-heading": "Hungarian notation",
            "Rule-Details": "Hungarian notation must not be used.",
            "Priority": "L1",
            "Solvable": "Local"
        },
        {
            "Rule ID": 6,
            "Rule Heading": "Naming Conventions",
            "Rule Sub-heading": "Pointer variables",
            "Rule-Details": "All pointer variables must be prefixed with a 'p' character.\n```SomeObject* pObject;```",
            "Priority": "L1",
            "Solvable": "Local"
        },
        {
            "Rule ID": 7,
            "Rule Heading": "Naming Conventions",
            "Rule Sub-heading": "Handle variables",
            "Rule-Details": "All handle variables must be prefixed with an 'h'.",
            "Priority": "L2",
            "Solvable": "Local"
        },
        {
            "Rule ID": 8,
            "Rule Heading": "Naming Conventions",
            "Rule Sub-heading": "Global variables",
            "Rule-Details": "Global variables must be prefixed with 'g_'.\n```extern uint32 g_someGlobalVar;```\nThis excludes const or constexpr variables.",
            "Priority": "L2",
            "Solvable": "Local"
        },
        {
            "Rule ID": 9,
            "Rule Heading": "Naming Conventions",
            "Rule Sub-heading": "Thread-local variables",
            "Rule-Details": "Thread-local variable must be prefixed with 'tls_'.",
            "Priority": "L2",
            "Solvable": "Local"
        },
        {
            "Rule ID": 10,
            "Rule Heading": "Naming Conventions",
            "Rule Sub-heading": "Static non-constant member variables",
            "Rule-Details": "Static, non-constant member variables (class variables) must be prefixed with 's_'.\n```static uint32* s_pSingleton;```",
            "Priority": "L1",
            "Solvable": "N"
        },
        {
            "Rule ID": 11,
            "Rule Heading": "Naming Conventions",
            "Rule Sub-heading": "Static constant member variables",
            "Rule-Details": "Static constant or constexpr member variables (class constants) must not be prefixed and must use UpperCamelCase capitalization.",
            "Priority": "L1",
            "Solvable": "N"
        },
        {
            "Rule ID": 12,
            "Rule Heading": "Naming Conventions",
            "Rule Sub-heading": "Non static member variables",
            "Rule-Details": "Non-static member variables must be prefixed with 'm_'.\n```uint32 m_flags;\nuint32* m_pValue;```",
            "Priority": "L1",
            "Solvable": "N"
        },
        {
            "Rule ID": 13,
            "Rule Heading": "Naming Conventions",
            "Rule Sub-heading": "Interface class names",
            "Rule-Details": "Interface class names must be prefixed with 'I'.\nAn interface class has no declared constructor, a virtual destructor, and a set of pure virtual functions.\n```class IDevice { ... };```",
            "Priority": "L2",
            "Solvable": "N"
        },
        {
            "Rule ID": 14,
            "Rule Heading": "Naming Conventions",
            "Rule Sub-heading": "Use of UpperCamelCase",
            "Rule-Details": "All namespace, class, structure, typedef, enumeration, enumeration value, constexpr variable, static constant variable, static constant member variable (class constant), function, and method names must use UpperCamelCase capitalization.",
            "Priority": "L1",
            "Solvable": "N"
        },
        {
            "Rule ID": 15,
            "Rule Heading": "Naming Conventions",
            "Rule Sub-heading": "Use of lowerCamelCase",
            "Rule-Details": "All non-constexpr/non-static variable, member variable, and function parameter names must use lowerCamelCase capitalization.\n```void ComputeSomething(uint32 usageIndex, float factor) {...}\nclass VertexShader {public: void ProcessFlowCntl(); private: uint32 m_flowCntlCnt;} struct SomeType {uint32 elemType; uint32 reg;}```",
            "Priority": "L1",
            "Solvable": "Local"
        },
        {
            "Rule ID": 16,
            "Rule Heading": "Types and Declarations",
            "Rule Sub-heading": "Pointer variable definition",
            "Rule-Details": "All pointer variable definitions must be specified with the asterisk immediately following the type.\n```Device* pDevice;```",
            "Priority": "L1",
            "Solvable": "Y"
        },
        {
            "Rule ID": 17,
            "Rule Heading": "Types and Declarations",
            "Rule Sub-heading": "Use of ampersand for references",
            "Rule-Details": "All references must be specified with the ampersand immediately following the type.\n```MyFunc(const MyInputStruct& inputInfo);```",
            "Priority": "L1",
            "Solvable": "Y"
        },
        {
            "Rule ID": 18,
            "Rule Heading": "Types and Declarations",
            "Rule Sub-heading": "Variable definition",
            "Rule-Details": "Each variable definition must be on a separate line with a semicolon at the end.\n```int32 numIterations;\nfloat scale;\nuint32* pFlags;```",
            "Priority": "L1",
            "Solvable": "Y"
        },
        {
            "Rule ID": 19,
            "Rule Heading": "Types and Declarations",
            "Rule Sub-heading": "Variable assignment",
            "Rule-Details": "Each source statement must assign a value to no more than one variable. Multiple variable assignments, such as 'a = b = c;' must not be used.",
            "Priority": "L1",
            "Solvable": "Y"
        },
        {
            "Rule ID": 20,
            "Rule Heading": "Types and Declarations",
            "Rule Sub-heading": "Structure initialization",
            "Rule-Details": "Structures should be initialized completely, either using aggregate initialization or alternative methods.\n```struct SomeStruct {int x; int y; SomeStruct* pNext;} \nSomeStruct someData{}; \nSomeStruct moreData{.x=9,.y=0,.pNext{&someData}};```",
            "Priority": "L1",
            "Solvable": "Y"
        },
        {
            "Rule ID": 21,
            "Rule Heading": "Ifs,Loops,and Switch Statements",
            "Rule Sub-heading": "Conditional formatting",
            "Rule-Details": "A space must be left between the conditional keyword and the opening bracket. For example, a statement must be formatted if (a == 0).",
            "Priority": "L1",
            "Solvable": "Y"
        },
        {
            "Rule ID": 22,
            "Rule Heading": "Ifs,Loops,and Switch Statements",
            "Rule Sub-heading": "Use of curly brackets",
            "Rule-Details": "Braces must bracket the body of all if/else statements, including single statement bodies.\nOpen and close braces must reside in the same column.\n```if (usage > maxUsage) {...} else {...}```",
            "Priority": "L1",
            "Solvable": "Y"
        },
        {
            "Rule ID": 23,
            "Rule Heading": "Ifs,Loops,and Switch Statements",
            "Rule Sub-heading": "Switch construct",
            "Rule-Details": "Switch/case statements should not include a default case unless specifically necessary.\n```switch (blah) { case Blah1: break; case Blah2: break; }```",
            "Priority": "L2",
            "Solvable": "Y"
        },
        {
            "Rule ID": 24,
            "Rule Heading": "Ifs,Loops,and Switch Statements",
            "Rule Sub-heading": "Fallthrough-behavior",
            "Rule-Details": "Any time a case statement is used without a corresponding break by design, the [[fallthrough]] attribute must be used.\n```switch (operation) {case OpGo: break; case OpStop: break; [[fallthrough]]; default: break;}```",
            "Priority": "L2",
            "Solvable": "Y"
        },
        {
            "Rule ID": 25,
            "Rule Heading": "Ifs,Loops,and Switch Statements",
            "Rule Sub-heading": "Testing booleans",
            "Rule-Details": "When testing booleans, if (x == true) should be used instead of if (x).",
            "Priority": "L1",
            "Solvable": "Y"
        },
        {
            "Rule ID": 26,
            "Rule Heading": "Ifs,Loops,and Switch Statements",
            "Rule Sub-heading": "Testing non-booleans",
            "Rule-Details": "When testing non-booleans, if (x != 0) or if (x != nullptr) must be used instead of if (x).",
            "Priority": "L1",
            "Solvable": "Y"
        },
        {
            "Rule ID": 27,
            "Rule Heading": "Ifs,Loops,and Switch Statements",
            "Rule Sub-heading": "Subexpressions in if statements",
            "Rule-Details": "Subexpressions in if statements that use comparison operators must have explicit bracketing.\n```if ((pResource == nullptr) && (flags.abort == true) && (id >= MinIdToCheck)) {...}```",
            "Priority": "L1",
            "Solvable": "Y"
        },
        {
            "Rule ID": 28,
            "Rule Heading": "Ifs,Loops,and Switch Statements",
            "Rule Sub-heading": "Yoda conditions",
            "Rule-Details": "Yoda conditions such as if (nullptr != x) should not be used.",
            "Priority": "L1",
            "Solvable": "Y"
        },
        {
            "Rule ID": 29,
            "Rule Heading": "Numbers",
            "Rule Sub-heading": "Mixing Signed and Unsigned Types",
            "Rule-Details": "Do not mix signed and unsigned integers in arithmetic or comparison expressions.",
            "Priority": "L1",
            "Solvable": "Y"
        },
        {
            "Rule ID": 30,
            "Rule Heading": "Numbers",
            "Rule Sub-heading": "Mixing Integer Sizes",
            "Rule-Details": "When expecting a result of a wider type, convert the integer type to a larger size.",
            "Priority": "L2",
            "Solvable": "Y"
        },
        {
            "Rule ID": 31,
            "Rule Heading": "Numbers",
            "Rule Sub-heading": "Magic Numbers",
            "Rule-Details": "Magic numbers must not be used. Use enumerations or constants to convey the significance of the value.",
            "Priority": "L2",
            "Solvable": "Y"
        },
        {
            "Rule ID": 32,
            "Rule Heading": "Numbers",
            "Rule Sub-heading": "Binary Literals, Digit Separators",
            "Rule-Details": "Use binary literals and digit separators wherever it helps readability.",
            "Priority": "L1",
            "Solvable": "Y"
        },
        {
            "Rule ID": 33,
            "Rule Heading": "Constants and Enumerations",
            "Rule Sub-heading": "Const parameters and methods",
            "Rule-Details": "If you don't need to change a value, make the parameter or method constant.",
            "Priority": "L1",
            "Solvable": "Y"
        },
        {
            "Rule ID": 34,
            "Rule Heading": "Loops",
            "Rule Sub-heading": "Number of loop variables",
            "Rule-Details": "A loop must not contain more than one loop variable.",
            "Priority": "L1",
            "Solvable": "Y"
        },
        {
            "Rule ID": 35,
            "Rule Heading": "Loops",
            "Rule Sub-heading": "Loop Variable Declaration",
            "Rule-Details": "The loop variable should be declared within the loop declaration and not used outside the loop.",
            "Priority": "L1",
            "Solvable": "Y"
        },
        {
            "Rule ID": 36,
            "Rule Heading": "Loops",
            "Rule Sub-heading": "Termination conditions",
            "Rule-Details": "A loop must not contain more than one termination condition. Use if clauses for additional conditions.",
            "Priority": "L1",
            "Solvable": "Y"
        },
        {
            "Rule ID": 37,
            "Rule Heading": "Loops",
            "Rule Sub-heading": "Loop variable modification",
            "Rule-Details": "The contents of a for loop must not alter the value of the loop variable.",
            "Priority": "L2",
            "Solvable": "Y"
        },
        {
            "Rule ID": 38,
            "Rule Heading": "Loops",
            "Rule Sub-heading": "Range-based loops",
            "Rule-Details": "Use range based loops where suitable, such as iterating through arrays.",
            "Priority": "L1",
            "Solvable": "N"
        },
        {
            "Rule ID": 39,
            "Rule Heading": "Functions and Methods",
            "Rule Sub-heading": "Return statements",
            "Rule-Details": "Every non-void function must have exactly one return statement. Void functions must have none.",
            "Priority": "L1",
            "Solvable": "Y"
        },
        {
            "Rule ID": 40,
            "Rule Heading": "Functions and Methods",
            "Rule Sub-heading": "Local variable declarations",
            "Rule-Details": "A local variable must be declared in the innermost scope possible.",
            "Priority": "L1",
            "Solvable": "Y"
        },
        {
            "Rule ID": 41,
            "Rule Heading": "Functions and Methods",
            "Rule Sub-heading": "Pointer dereferencing",
            "Rule-Details": "Perform a null check before dereferencing a pointer if there is a possibility for it to be null.",
            "Priority": "L2",
            "Solvable": "N"
        },
        {
            "Rule ID": 42,
            "Rule Heading": "Functions and Methods",
            "Rule Sub-heading": "Call by reference",
            "Rule-Details": "Use call by reference in favor of calls using pointer arguments.",
            "Priority": "L1",
            "Solvable": "Y"
        },
        {
            "Rule ID": 43,
            "Rule Heading": "Functions and Methods",
            "Rule Sub-heading": "Local variable pointer return",
            "Rule-Details": "Do not return a pointer or reference to a local object.",
            "Priority": "L1",
            "Solvable": "Y"
        },
        {
            "Rule ID": 44,
            "Rule Heading": "Functions and Methods",
            "Rule Sub-heading": "Unused parameters",
            "Rule-Details": "Remove unused parameters from functions and methods.",
            "Priority": "L2",
            "Solvable": "N"
        },
        {
            "Rule ID": 45,
            "Rule Heading": "Classes,Objects and Structures",
            "Rule Sub-heading": "Object Initialization",
            "Rule-Details": "Objects should be initialized when created. Check member variable initialization in constructors.",
            "Priority": "L1",
            "Solvable": "N"
        },
        {
            "Rule ID": 46,
            "Rule Heading": "Classes,Objects and Structures",
            "Rule Sub-heading": "Implementations in header files",
            "Rule-Details": "Methods must not be implemented in header files, except inline functions and template definitions.",
            "Priority": "L2",
            "Solvable": "Y"
        },
        {
            "Rule ID": 47,
            "Rule Heading": "Classes,Objects and Structures",
            "Rule Sub-heading": "In-class member initialization",
            "Rule-Details": "Initialize non-static member variables during construction, preferably in the header file.",
            "Priority": "L2",
            "Solvable": "N"
        },
        {
            "Rule ID": 48,
            "Rule Heading": "Nomenclature",
            "Rule Sub-heading": "Boolean variables and methods",
            "Rule-Details": "Use one of the following prefixes for naming Boolean variables or methods: 'is', 'should', 'has', 'can'.",
            "Priority": "L1",
            "Solvable": "N"
        },
        {
            "Rule ID": 49,
            "Rule Heading": "General Language Rules",
            "Rule Sub-heading": "lambdas",
            "Rule-Details": "Do not use lambdas.",
            "Priority": "L1",
            "Solvable": "N"
        },
        {
            "Rule ID": 50,
            "Rule Heading": "General Language Rules",
            "Rule Sub-heading": "auto",
            "Rule-Details": "Do not use auto unless initializing variables with explicitly declared type values.",
            "Priority": "L2",
            "Solvable": "Local"
        },
        {
            "Rule ID": 51,
            "Rule Heading": "Numbers",
            "Rule Sub-heading": "Unsigned Types",
            "Rule-Details": "Use unsigned types where numbers cannot be negative.",
            "Priority": "L1",
            "Solvable": "Local"
        },
        {
            "Rule ID": 52,
            "Rule Heading": "Numbers",
            "Rule Sub-heading": "Integer Primitives and Fixed Width",
            "Rule-Details": "Use integer primitive types and fixed width integers, such as int32_t, uint32_t, int64_t, and uint64_t.",
            "Priority": "L1",
            "Solvable": "Y"
        }
    ],
    "c_sharp": [
        {
            "Rule ID": 1,
            "Rule Heading": "String data",
            "Rule Sub-heading": "Appending strings",
            "Rule-Details": "To append strings in loops, especially when you're working with large amounts of text, use a System.Text.StringBuilder object.\nvar phrase = \"lalalalalalalalalalalalalalalalalalalalalalalalalalalalalala\";\nvar manyPhrases = new StringBuilder();\nfor (var i = 0; i < 10000; i++)\n{\n    manyPhrases.Append(phrase);\n}",
            "Priority": "L1",
            "Solvable": "Y"
        },
        {
            "Rule ID": 2,
            "Rule Heading": "String data",
            "Rule Sub-heading": "Prefer raw string literals",
            "Rule-Details": "Prefer raw string literals to escape sequences or verbatim strings.\n\nvar message = \"\"\"\n    This is a long message that spans across multiple lines.\n    It uses raw string literals. This means we can \n    also include characters like \\n and \\t without escaping them.\n    \"\"\";",
            "Priority": "L1",
            "Solvable": "Y"
        },
        {
            "Rule ID": 3,
            "Rule Heading": "Constructors and initialization",
            "Rule Sub-heading": "Use of Pascal case",
            "Rule-Details": "Use Pascal case for primary constructor parameters on record types:\n\npublic record Person(string FirstName, string LastName);",
            "Priority": "L1",
            "Solvable": "Y"
        },
        {
            "Rule ID": 4,
            "Rule Heading": "Constructors and initialization",
            "Rule Sub-heading": "Camel case for primary constructor",
            "Rule-Details": "Use camel case for primary constructor parameters on class and struct types.",
            "Priority": "L1",
            "Solvable": "Y"
        },
        {
            "Rule ID": 5,
            "Rule Heading": "Constructors and initialization",
            "Rule Sub-heading": "Use of required properties",
            "Rule-Details": "Use required properties instead of constructors to force initialization of property values:\n\npublic class LabelledContainer<T>(string label)\n{\n    public string Label { get; } = label;\n    public required T Contents \n    { \n        get;\n        init;\n    }\n}",
            "Priority": "L1",
            "Solvable": "Y"
        },
        {
            "Rule ID": 6,
            "Rule Heading": "Arrays and collections",
            "Rule Sub-heading": "Use of collection expressions",
            "Rule-Details": "Use collection expressions to initialize all collection types:\nstring[] vowels = [ \"a\", \"e\", \"i\", \"o\", \"u\" ];",
            "Priority": "L1",
            "Solvable": "Y"
        },
        {
            "Rule ID": 7,
            "Rule Heading": "try-catch and using statements in exception handling",
            "Rule Sub-heading": "Make correct use of try catch and using",
            "Rule-Details": "Use a try-catch statement for most exception handling.\n\nstatic double ComputeDistance(double x1, double y1, double x2, double y2)\n{\n    try\n    {\n        return Math.Sqrt((x1 - x2) * (x1 - x2) + (y1 - y2) * (y1 - y2));\n    }\n    catch (System.ArithmeticException ex)\n    {\n        Console.WriteLine($\"Arithmetic overflow or underflow: {ex}\");\n        throw;\n    }\n}\n\nSimplify your code by using the C# using statement. If you have a try-finally statement in which the only code in the finally block is a call to the Dispose method, use a using statement instead.\n\nIn the following example, the try-finally statement only calls Dispose in the finally block.\n\nFont bodyStyle = new Font(\"Arial\", 10.0f);\ntry\n{\n    byte charset = bodyStyle.GdiCharSet;\n}\nfinally\n{\n    bodyStyle?.Dispose();\n}\n\nYou can do the same thing with a using statement.\n\nusing (Font arial = new Font(\"Arial\", 10.0f))\n{\n    byte charset2 = arial.GdiCharSet;\n}\n\nUse the new using syntax that doesn't require braces:\n\nusing Font normalStyle = new Font(\"Arial\", 10.0f);\nbyte charset3 = normalStyle.GdiCharSet;",
            "Priority": "L1",
            "Solvable": "Y"
        },
        {
            "Rule ID": 8,
            "Rule Heading": "&& and || operators",
            "Rule Sub-heading": "Use of && and || operators",
            "Rule-Details": "Use && instead of & and || instead of | when you perform comparisons, as shown in the following example.\n\nConsole.Write(\"Enter a dividend: \");\nint dividend = Convert.ToInt32(Console.ReadLine());\n\nConsole.Write(\"Enter a divisor: \");\nint divisor = Convert.ToInt32(Console.ReadLine());\n\nif ((divisor != 0) && (dividend / divisor) is var result)\n{\n    Console.WriteLine($\"Quotient: {result}\");\n}\nelse\n{\n    Console.WriteLine(\"Attempted division by 0 ends up here.\");\n}",
            "Priority": "L1",
            "Solvable": "Y"
        },
        {
            "Rule ID": 9,
            "Rule Heading": "Event handling",
            "Rule Sub-heading": "Use of lambda expression",
            "Rule-Details": "Use a lambda expression to define an event handler that you don't need to remove later:\npublic Form2()\n{\n    this.Click += (s, e) =>\n        {\n            MessageBox.Show(\n                ((MouseEventArgs)e).Location.ToString());\n        };\n}\n\nThe lambda expression shortens the following traditional definition.\n\npublic Form1()\n{\n    this.Click += new EventHandler(Form1_Click);\n}\n\nvoid Form1_Click(object? sender, EventArgs e)\n{\n    MessageBox.Show(((MouseEventArgs)e).Location.ToString());\n}",
            "Priority": "L1",
            "Solvable": "Y"
        },
        {
            "Rule ID": 10,
            "Rule Heading": "Implicitly typed local variables",
            "Rule Sub-heading": "Use of correct implicit local type",
            "Rule-Details": "Use implicit typing for local variables when the type of the variable is obvious from the right side of the assignment.\n\nvar message = \"This is clearly a string.\";\nvar currentTemperature = 27;\n\nDon't use var when the type isn't apparent from the right side of the assignment. Don't assume the type is clear from a method name. A variable type is considered clear if it's a new operator, an explicit cast, or assignment to a literal value.\n\nint numberOfIterations = Convert.ToInt32(Console.ReadLine());\nint currentMaximum = ExampleClass.ResultSoFar();\n\nDon't use variable names to specify the type of the variable. It might not be correct. Instead, use the type to specify the type, and use the variable name to indicate the semantic information of the variable. The following example should use string for the type and something like iterations to indicate the meaning of the information read from the console.\n\nvar inputInt = Console.ReadLine();\nConsole.WriteLine(inputInt);\n\nAvoid the use of var in place of dynamic. Use dynamic when you want run-time type inference. For more information, see Using type dynamic (C# Programming Guide).\n\nUse implicit typing for the loop variable in for loops.\n\nThe following example uses implicit typing in a for statement.\n\nvar phrase = \"lalalalalalalalalalalalalalalalalalalalalalalalalalalalalala\";\nvar manyPhrases = new StringBuilder();\nfor (var i = 0; i < 10000; i++)\n{\n    manyPhrases.Append(phrase);\n}\n//Console.WriteLine(\"tra\" + manyPhrases);\n\nDon't use implicit typing to determine the type of the loop variable in foreach loops. In most cases, the type of elements in the collection isn't immediately obvious. The collection's name shouldn't be solely relied upon for inferring the type of its elements.\n\nThe following example uses explicit typing in a foreach statement.\n\nforeach (char ch in laugh)\n{\n    if (ch == 'h')\n    {\n        Console.Write(\"H\");\n    }\n    else\n    {\n        Console.Write(ch);\n    }\n}\nConsole.WriteLine();\n\nuse implicit type for the result sequences in LINQ queries. The section on LINQ explains that many LINQ queries result in anonymous types where implicit types must be used. Other queries result in nested generic types where var is more readable.",
            "Priority": "L1",
            "Solvable": "Y"
        },
        {
            "Rule ID": 11,
            "Rule Heading": "Concurrency and Thread Safety",
            "Rule Sub-heading": "Parallel Loops",
            "Rule-Details": "Parallel loops are permitted in Skynet code. Sample code is below.\n\nNon-thread safe data types may be affected in these parallel for loops. In this case, it is recommended to use thread-safe objects such as a ConcurrentBag. \n\nConcurrentBag<string> data = new ConcurrentBag<string>();\n Parallel.ForEach(scripts, (script) =>\n {\n     try\n     {\n         // some logic here\n     }\n     catch (Exception ex)\n     {\n         LoggingEvent.Log(this, taskId, \"Failed to Detect with Scripts.\", LoggingSeverity.Error, ex);\n     }",
            "Priority": "L1",
            "Solvable": "Y"
        },
        {
            "Rule ID": 12,
            "Rule Heading": "Method documentation",
            "Rule Sub-heading": "All method definition should have comments above the method describing the method, output, and arguments",
            "Rule-Details": "All method definition should have comments above the method describing the method, output, and arguments. Typical format is shown in snippet below.\n\n/// <summary>\n/// Helper method that queues a single TestBlock to one or more TestStation at once\n/// NOTE: TestStationTask is NOT passed into the TaskType objects\n/// </summary>\n/// <param name=\"message\"></param>\n/// <param name=\"testStationsToAdd\"></param>\nprotected void QueueTest(QueueManagerMessage message, ICollection<TestStationWorkflowMessage.SUTInfoData> testStationsToAdd)",
            "Priority": "L1",
            "Solvable": "Y"
        }
    ]
}
