{
    "abcd seal": {
        "_metadata": {
            "start_date": "2025-05-28"
        },
        "amd-radeon-driver/abcd": {
            "amd/stg/abcd": {
                "ai_tool_flag": 1
            }
        },
        "amd-swv-driver/abcd": {
            "amd/swv/main": {
                "ai_tool_flag": 1
            }
        }
    },
    "acp": {
        "_metadata": {
            "start_date": "2025-04-30"
        },
        "amd-radeon-driver/acp-misc": {
            "amd/main": {
                "ai_tool_flag": 1
            }
        },
        "amd-radeon-driver/drivers": {
            "amd/stg/acp": {
                "ai_tool_flag": 1
            },
            "amd/acp": {
                "ai_tool_flag": 1
            }
        }
    },
    "amf": {
        "_metadata": {
            "start_date": "2025-06-12"
        },
        "amd-radeon-driver/drivers": {
            "amd/stg/amf": {
                "ai_tool_flag": 1
            }
        }
    },
    "anchor-branch": {
        "_metadata": {
            "start_date": ""
        },
        "wingfxcoredev/anchorbranchmanager": {
            "main": {
                "ai_tool_flag": 0
            }
        }
    },
    "aocl": {
        "_metadata": {
            "start_date": "2025-01-30"
        },
        "amd-aocl/blis": {
            "amd-main": {
                "ai_tool_flag": 0
            }
        },
        "amd-aocl/libflame": {
            "amd-main": {
                "ai_tool_flag": 0
            }
        },
        "amd-aocl/aocl-sparse": {
            "amd-main": {
                "ai_tool_flag": 0
            }
        },
        "amd-aocl/aocl-compression": {
            "amd-main": {
                "ai_tool_flag": 0
            }
        },
        "amd-aocl/aocl-da": {
            "amd-main": {
                "ai_tool_flag": 0
            }
        },
        "amd-aocl/aocl-dlp": {
            "amd-main": {
                "ai_tool_flag": 0
            }
        },
        "amd-aocl/rng": {
            "amd-main": {
                "ai_tool_flag": 0
            }
        },
        "amd-aocl/fftw": {
            "amd-main": {
                "ai_tool_flag": 0
            }
        },
        "amd-aocl/aocl-scalapack": {
            "amd-main": {
                "ai_tool_flag": 0
            }
        },
        "amd-aocl/aocl-libmem": {
            "amd-main": {
                "ai_tool_flag": 0
            }
        },
        "amd-aocl/aocl-utils": {
            "amd-main": {
                "ai_tool_flag": 0
            }
        },
        "amd-aocl/aocl-fftz": {
            "amd-main": {
                "ai_tool_flag": 0
            }
        }
    },
    "atg": {
        "_metadata": {
            "start_date": "2024-03-27"
        },
        "atg/windows_isp": {
            "master": {
                "ai_tool_flag": 2
            }
        },
        "atg/admc": {
            "main": {
                "ai_tool_flag": 2
            }
        },
        "atg/aidt": {
            "aidt4.1": {
                "ai_tool_flag": 2
            }
        },
        "atg/atgllm": {
            "atg-dev": {
                "ai_tool_flag": 2
            }
        },
        "atg/linux-ipu": {
            "atg-dev": {
                "ai_tool_flag": 2
            }
        },
        "atg/linux-isp": {
            "atg-dev": {
                "ai_tool_flag": 2
            }
        },
        "atg/ai_awb": {
            "atg-dev": {
                "ai_tool_flag": 2
            }
        },
        "atg/ischat": {
            "atg-dev": {
                "ai_tool_flag": 2
            }
        },
        "atg/ipu_driver": {
            "atg-dev-mcdm": {
                "ai_tool_flag": 2
            }
        },
        "atg/research": {
            "atg-dev": {
                "ai_tool_flag": 2
            }
        },
        "atg/cvmlsdk": {
            "atg-dev": {
                "ai_tool_flag": 2
            }
        },
        "atg/ispkernel": {
            "atg-dev": {
                "ai_tool_flag": 2
            }
        },
        "atg/sysarch-hws": {
            "atg-dev": {
                "ai_tool_flag": 2
            }
        },
        "atg/vas2.0linux": {
            "releases/amd-vas-3.0": {
                "ai_tool_flag": 2
            }
        },
        "atg/modelzoo": {
            "atg-dev": {
                "ai_tool_flag": 2
            }
        },
        "atg-ecarx/aosp-manifest": {
            "atg-dev": {
                "ai_tool_flag": 2
            }
        },
        "atg-ecarx/aosp-hardware-amd-ta": {
            "atg-dev": {
                "ai_tool_flag": 2
            }
        },
        "atg-ecarx/platform-cts": {
            "atg-dev": {
                "ai_tool_flag": 2
            }
        },
        "atg-ecarx/aosp-device-amd": {
            "atg-dev": {
                "ai_tool_flag": 2
            }
        },
        "atg-ecarx/aosp-hardware-amd-audio-hal": {
            "atg-dev": {
                "ai_tool_flag": 2
            }
        },
        "atg-ecarx/aosp-external-minigbm": {
            "atg-dev": {
                "ai_tool_flag": 2
            }
        },
        "atg-ecarx/aosp-external-mesa3d": {
            "atg-dev": {
                "ai_tool_flag": 2
            }
        },
        "atg-ecarx/aosp-hardware-amd-codec2": {
            "atg-dev": {
                "ai_tool_flag": 2
            }
        },
        "atg-ecarx/aosp-hardware-amd-security": {
            "atg-dev": {
                "ai_tool_flag": 2
            }
        },
        "atg-ecarx/aosp-prebuilts": {
            "atg-dev": {
                "ai_tool_flag": 2
            }
        },
        "atg-pub/modelzoo": {
            "atg-dev": {
                "ai_tool_flag": 2
            }
        }
    },
    "compiler": {
        "_metadata": {
            "start_date": "2025-05-28"
        },
        "amd-radeon-driver/llpc": {
            "amd/stg/llpc": {
                "ai_tool_flag": 1
            }
        },
        "amd-radeon-driver/llvm-project": {
            "amd/default": {
                "ai_tool_flag": 1
            }
        },
        "amd-radeon-driver/sc": {
            "amd/stg/sc": {
                "ai_tool_flag": 1
            }
        }
    },
    "csg": {
        "_metadata": {
            "start_date": "2025-06-05"
        },
        "amd-platformsoftware-sensorsolutions/amdsfhdriver": {
            "master": {
                "ai_tool_flag": 1
            }
        }
    },
    "cvs": {
        "_metadata": {
            "start_date": "2025-02-24"
        },
        "amd-radeon-driver/drivers": {
            "amd/release": {
                "ai_tool_flag": 1
            },
            "amd/release/24.30.02.01": {
                "ai_tool_flag": 8
            }
        },
        "gpu-virtual/libgv": {
            "amd/release/24.30.02.01": {
                "ai_tool_flag": 8
            }
        }
    },
    "d3d": {
        "_metadata": {
            "start_date": "2025-05-28"
        },
        "amd-radeon-driver/dx9p": {
            "amd/stg/dx9p": {
                "ai_tool_flag": 9
            }
        },
        "amd-radeon-driver/dxcp": {
            "amd/stg/dxcp": {
                "ai_tool_flag": 9
            }
        },
        "amd-radeon-driver/dxxp": {
            "amd/stg/dxxp": {
                "ai_tool_flag": 9
            }
        }
    },
    "dal": {
        "_metadata": {
            "start_date": "2024-11-22"
        },
        "amd-radeon-driver/dal": {
            "amd-dal": {
                "ai_tool_flag": 15
            },
            "amd/bg-release/24.30/dal": {
                "ai_tool_flag": 8
            }
        },
        "amd-radeon-driver/dal-utils": {
            "gerrit_migration_main": {
                "ai_tool_flag": 15
            }
        },
        "amd-radeon-driver/dml21": {
            "amd/stg/dml21": {
                "ai_tool_flag": 15
            }
        },
        "amd-radeon-driver/dmu": {
            "dmu_stg": {
                "ai_tool_flag": 15
            }
        },
        "amd-radeon-driver/spl": {
            "amd/stg": {
                "ai_tool_flag": 1
            }
        }
    },
    "diagnostics": {
        "_metadata": {
            "start_date": "2025-02-21"
        },
        "amd-goqdiags/diag_tng": {
            "main": {
                "ai_tool_flag": 4
            }
        }
    },
    "dx9p": {
        "_metadata": {
            "start_date": "2025-05-28"
        },
        "amd-radeon-driver/drivers": {
            "amd/main/dx9p": {
                "ai_tool_flag": 9
            }
        }
    },
    "dxcp": {
        "_metadata": {
            "start_date": "2025-05-28"
        },
        "amd-radeon-driver/drivers": {
            "amd/main/dxcp": {
                "ai_tool_flag": 9
            }
        }
    },
    "dxxp": {
        "_metadata": {
            "start_date": "2025-05-28"
        },
        "amd-radeon-driver/drivers": {
            "amd/main/dxxp": {
                "ai_tool_flag": 8
            }
        }
    },
    "fw": {
        "_metadata": {
            "start_date": "2025-05-30"
        },
        "pfo/phcfw": {
            "develop": {
                "ai_tool_flag": 6
            }
        }
    },
    "fwqa": {
        "_metadata": {
            "start_date": "2025-04-07"
        },
        "fwqa/fwtools": {
            "main": {
                "ai_tool_flag": 6
            }
        }
    },
    "gfx core": {
        "_metadata": {
            "start_date": "2025-04-30"
        },
        "amd-radeon-driver/amdlog-tools": {
            "amd/main": {
                "ai_tool_flag": 1
            }
        }
    },
    "giml": {
        "_metadata": {
            "start_date": "2025-05-28"
        },
        "amd-radeon-driver/gmlib": {
            "amd/main": {
                "ai_tool_flag": 1
            }
        }
    },
    "gpurt": {
        "_metadata": {
            "start_date": "2025-06-13"
        },
        "amd-radeon-driver/gpurt": {
            "amd/stg/gpurt": {
                "ai_tool_flag": 1
            }
        }
    },
    "kmd": {
        "_metadata": {
            "start_date": "2024-03-18"
        },
        "amd-radeon-driver/drivers": {
            "amd/stg/kmd": {
                "ai_tool_flag": 15,
                "default": 1
            },
            "amd/stg/pplib": {
                "ai_tool_flag": 8
            },
            "amd/stg/ttl": {
                "ai_tool_flag": 9
            },
            "amd/stg/swsdma": {
                "ai_tool_flag": 1
            },
            "amd/stg/gc": {
                "ai_tool_flag": 9
            },
            "amd/stg/bgm": {
                "ai_tool_flag": 9
            },
            "amd/stg/amdkmpfd": {
                "ai_tool_flag": 1
            },
            "amd/stg/amdlog": {
                "ai_tool_flag": 1
            },
            "amd/stg/amdmicropep": {
                "ai_tool_flag": 1
            },
            "amd/stg/df": {
                "ai_tool_flag": 1
            },
            "amd/stg/dlm": {
                "ai_tool_flag": 1
            },
            "amd/stg/gps": {
                "ai_tool_flag": 1
            },
            "amd/stg/gvm": {
                "ai_tool_flag": 9
            },
            "amd/stg/inc_bgd_shared": {
                "ai_tool_flag": 1
            },
            "amd/stg/inc_shared": {
                "ai_tool_flag": 1
            },
            "amd/stg/irqmgr": {
                "ai_tool_flag": 9
            },
            "amd/stg/k_utf_core": {
                "ai_tool_flag": 1
            },
            "amd/stg/lsdma": {
                "ai_tool_flag": 9
            },
            "amd/stg/mes": {
                "ai_tool_flag": 9
            },
            "amd/stg/sdma": {
                "ai_tool_flag": 9
            },
            "amd/stg/gcbd": {
                "ai_tool_flag": 8
            }
        }
    },
    "multimedia": {
        "_metadata": {
            "start_date": "2025-04-30"
        },
        "amd-radeon-driver/drivers": {
            "amd/stg/mva_vhd": {
                "ai_tool_flag": 3
            },
            "amd/stg/umsch": {
                "ai_tool_flag": 1
            },
            "amd/bg-release/23.20": {
                "ai_tool_flag": 8
            }
        },
        "amd-radeon-driver/mmpal": {
            "amd/stg/mmpal": {
                "ai_tool_flag": 1
            },
            "amd/bg-release/23.20": {
                "ai_tool_flag": 8
            },
            "amd/bg-release/25.20": {
                "ai_tool_flag": 8
            },
            "amd/bg-release/25.10": {
                "ai_tool_flag": 8
            }
        }
    },
    "oglp": {
        "_metadata": {
            "start_date": "2025-04-30"
        },
        "amd-radeon-driver/drivers": {
            "amd/stg/oglp": {
                "ai_tool_flag": 9
            },
            "amd/stg/oglp_prm": {
                "ai_tool_flag": 8
            },
            "amd/release/23.19": {
                "ai_tool_flag": 8
            },
            "amd/release/24.10": {
                "ai_tool_flag": 8
            },
            "amd/release/24.20": {
                "ai_tool_flag": 8
            },
            "amd/release/24.30": {
                "ai_tool_flag": 8
            },
            "amd/release/25.10": {
                "ai_tool_flag": 8
            }
        },
        "amd-radeon-driver/llpc": {
            "amd/stg/oglp": {
                "ai_tool_flag": 8
            },
            "amd/stg/oglp_prm": {
                "ai_tool_flag": 8
            }
        },
        "amd-radeon-driver/oglp": {
            "amd/stg/oglp": {
                "ai_tool_flag": 8
            },
            "amd/stg/oglp_prm": {
                "ai_tool_flag": 8
            }
        },
        "amd-radeon-driver/pal": {
            "amd/stg/oglp": {
                "ai_tool_flag": 8
            },
            "amd/stg/oglp_prm": {
                "ai_tool_flag": 8
            }
        },
        "amd-radeon-driver/sc": {
            "amd/stg/oglp": {
                "ai_tool_flag": 8
            },
            "amd/stg/oglp_prm": {
                "ai_tool_flag": 8
            }
        }
    },
    "pal": {
        "_metadata": {
            "start_date": "2024-10-12"
        },
        "amd-radeon-driver/address-lib": {
            "amd/stg/pal": {
                "ai_tool_flag": 5
            }
        },
        "amd-radeon-driver/pal": {
            "amd/stg/pal": {
                "ai_tool_flag": 5
            }
        },
        "amd-radeon-driver/rdf": {
            "master": {
                "ai_tool_flag": 1
            }
        },
        "amd-radeon-driver/swwardetection": {
            "amd/main": {
                "ai_tool_flag": 1
            }
        }
    },
    "pfo": {
        "_metadata": {
            "start_date": "2025-03-13"
        },
        "amd-firmware/agesa-esid": {
            "main": {
                "ai_tool_flag": 6
            }
        },
        "amdese-staging/amd-edk2-platforms": {
            "main": {
                "ai_tool_flag": 6
            }
        },
        "amdese-staging/opensil": {
            "main": {
                "ai_tool_flag": 6
            }
        },
        "amdese-staging/agesa-v10": {
            "main": {
                "ai_tool_flag": 6
            }
        },
        "amd-s3-bios/swv-afc": {
            "main": {
                "ai_tool_flag": 6
            }
        },
        "amd-s3-bios/referencecode-strix": {
            "main": {
                "ai_tool_flag": 6
            }
        },
        "pfo/sbiosserver": {
            "main": {
                "ai_tool_flag": 6
            }
        },
        "pfo/agesa-v10": {
            "main": {
                "ai_tool_flag": 14
            }
        },
        "pfo/agesa-v9": {
            "main": {
                "ai_tool_flag": 6
            }
        },
        "pfo/opensil": {
            "main": {
                "ai_tool_flag": 14
            }
        },
        "pfo/afc": {
            "main": {
                "ai_tool_flag": 6
            }
        },
        "pfo/amd-edk2-collection": {
            "main": {
                "ai_tool_flag": 6
            }
        },
        "pfo/amd-edk2-platforms": {
            "main": {
                "ai_tool_flag": 6
            }
        },
        "pfo/agesa-emulation-tools": {
            "main": {
                "ai_tool_flag": 6
            }
        },
        "pfo/agesa-esid": {
            "main": {
                "ai_tool_flag": 6
            }
        },
        "pfo/mpifoe-fw": {
            "main": {
                "ai_tool_flag": 6
            }
        },
        "pfo/cbs-swv": {
            "main": {
                "ai_tool_flag": 6
            }
        },
        "pfo/arch_clientphy": {
            "main": {
                "ai_tool_flag": 6
            }
        },
        "pfo/client-bios-comboam5": {
            "main": {
                "ai_tool_flag": 6
            }
        },
        "pfo/client-bios-taego": {
            "main": {
                "ai_tool_flag": 6
            }
        },
        "pfo/rlc-gfx13": {
            "main": {
                "ai_tool_flag": 6
            }
        },
        "pfo/rlc-mi400": {
            "main": {
                "ai_tool_flag": 6
            }
        },
        "pfo/dgpu-esid": {
            "main": {
                "ai_tool_flag": 6
            }
        },
        "pfo/igpu-esid": {
            "main": {
                "ai_tool_flag": 6
            }
        },
        "pfo/client-bios-medusa": {
            "main": {
                "ai_tool_flag": 6
            }
        },
        "pfo/art-security": {
            "amd-staging": {
                "ai_tool_flag": 6
            }
        },
        "pfo/agesa-v10-staging": {
            "main": {
                "ai_tool_flag": 6
            }
        },
        "pfo/opensil-staging": {
            "main": {
                "ai_tool_flag": 6
            }
        },
        "pfo/agesa-flexdoc": {
            "main": {
                "ai_tool_flag": 6
            }
        },
        "pfo/swv-agesa-v9": {
            "main": {
                "ai_tool_flag": 6
            }
        },
        "pfo/swv-agesa-esid": {
            "main": {
                "ai_tool_flag": 6
            }
        },
        "pfo/eddr5_am": {
            "main": {
                "ai_tool_flag": 6
            }
        },
        "pfo/amdserverbios-staging": {
            "main": {
                "ai_tool_flag": 6
            }
        },
        "pfo/mpio": {
            "main": {
                "ai_tool_flag": 6
            }
        }
    },
    "pmfw": {
        "_metadata": {
            "start_date": "2025-07-15"
        },
        "smu-ppd/demo": {
            "master": {
                "ai_tool_flag": 9
            }
        }
    },
    "rocm": {
        "_metadata": {
            "start_date": "2025-05-28"
        },
        "rocm/llvm-project": {
            "amd-staging": {
                "ai_tool_flag": 9
            }
        }
    },
    "rocm clr": {
        "_metadata": {
            "start_date": "2024-12-12"
        },
        "amd-rocm-internal/clr": {
            "amd-staging": {
                "ai_tool_flag": 4
            }
        }
    },
    "sw_infra": {
        "_metadata": {
            "start_date": "2025-06-11"
        },
        "sw-infra-emu/ai-pr-platform": {
            "main": {
                "ai_tool_flag": 1
            }
        },
        "sw-infra-emu/ai-code-review": {
            "main": {
                "ai_tool_flag": 1
            }
        },
        "sw-infra-emu/ml-llm": {
            "dev": {
                "ai_tool_flag": 1
            }
        },
        "sw-infra-emu/llm-code-generation": {
            "main": {
                "ai_tool_flag": 1
            }
        },
        "sw-infra-emu/llm-code-porting": {
            "main": {
                "ai_tool_flag": 1
            }
        },
        "sw-infra-emu/code_evaluation": {
            "main": {
                "ai_tool_flag": 1
            }
        },
        "sw-infra-emu/skynetexe": {
            "master": {
                "ai_tool_flag": 1
            }
        }
    },
    "testing": {
        "_metadata": {
            "start_date": "2024-01-01"
        },
        "sw-infra-emu/ai-pr-platform": {
            "test_cp": {
                "ai_tool_flag": 1
            },
            "amd/bg-release/24.30/test": {
                "ai_tool_flag": 1
            },
            "amd/bg-release/25.10/test": {
                "ai_tool_flag": 1
            },
            "amd/bg-release/24.30/test_2": {
                "ai_tool_flag": 1
            },
            "amd/bg-release/25.10/test_2": {
                "ai_tool_flag": 1
            }
        }
    },
    "ubm": {
        "_metadata": {
            "start_date": "2025-04-29"
        },
        "amd-radeon-driver/ubm": {
            "amd/stg/ubm": {
                "ai_tool_flag": 1
            }
        }
    },
    "uxg": {
        "_metadata": {
            "start_date": "2025-05-30"
        },
        "amd-radeon-driver/drivers": {
            "amd/stg/appprofiles": {
                "ai_tool_flag": 1
            },
            "amd/stg/cn": {
                "ai_tool_flag": 9
            },
            "amd/stg/install": {
                "ai_tool_flag": 9
            },
            "amd/stg/ppc": {
                "ai_tool_flag": 1
            },
            "amd/stg/adl": {
                "ai_tool_flag": 1
            },
            "amd/stg/adlx": {
                "ai_tool_flag": 1
            }
        },
        "amd-radeon-driver/amdchat": {
            "amd/main": {
                "ai_tool_flag": 1
            }
        }
    },
    "vpe": {
        "_metadata": {
            "start_date": "2025-05-28"
        },
        "amd-radeon-driver/vpe": {
            "amd/stg/vpe": {
                "ai_tool_flag": 5
            }
        }
    },
    "vulkan": {
        "_metadata": {
            "start_date": "2025-02-12"
        },
        "amd-radeon-driver/drivers": {
            "amd/stg/xgl_prm": {
                "ai_tool_flag": 9
            },
            "amd/stg/xgl": {
                "ai_tool_flag": 9
            }
        },
        "amd-radeon-driver/gpurt": {
            "amd/stg/xgl": {
                "ai_tool_flag": 9
            },
            "amd/stg/xgl_prm": {
                "ai_tool_flag": 9
            }
        },
        "amd-radeon-driver/llpc": {
            "amd/stg/xgl": {
                "ai_tool_flag": 9
            },
            "amd/stg/xgl_prm": {
                "ai_tool_flag": 9
            }
        },
        "amd-radeon-driver/llvm-project": {
            "amd/stg/xgl-opensource": {
                "ai_tool_flag": 9
            },
            "amd/stg/xgl-npi": {
                "ai_tool_flag": 8
            }
        },
        "amd-radeon-driver/pal": {
            "amd/stg/xgl": {
                "ai_tool_flag": 8
            },
            "amd/stg/xgl_prm": {
                "ai_tool_flag": 8
            }
        },
        "amd-radeon-driver/sc": {
            "amd/stg/xgl": {
                "ai_tool_flag": 8
            },
            "amd/stg/xgl_prm": {
                "ai_tool_flag": 8
            }
        }
    }
} 
