{
    "amd-goqdiags": {
        "diag_tng": {
            "main": {
                "team_name": "diagnostics",
                "ai_tool_flag": 4
            }
        }
    },
    "amd-rocm-internal": {
        "clr": {
            "amd-staging": {
                "team_name": "rocm clr",
                "ai_tool_flag": 4
            }
        }
    },
    "amd-radeon-driver": {
        "abcd": {
            "amd/stg/abcd": {
                "team_name": "abcd seal",
                "ai_tool_flag": 1
            }
        },
        "acp-misc": {
            "amd/main": {
                "team_name": "acp",
                "ai_tool_flag": 1
            }
        },
        "address-lib": {
            "amd/stg/pal": {
                "team_name": "pal",
                "ai_tool_flag": 5
            }
        },
        "amdchat": {
            "amd/main": {
                "team_name": "amdchat",
                "ai_tool_flag": 1
            }
        },
        "amdlog-tools": {
            "amd/main": {
                "team_name": "gfx core",
                "ai_tool_flag": 1
            }
        },
        "dal": {
            "amd-dal": {
                "team_name": "dal",
                "ai_tool_flag": 15
            },
            "amd/bg-release/24.30/dal": {
                "team_name": "dal",
                "ai_tool_flag": 8
            }
        },
        "dal-utils": {
            "gerrit_migration_main": {
                "team_name": "dal",
                "ai_tool_flag": 15
            }
        },
        "dml21": {
            "amd/stg/dml21": {
                "team_name": "dal",
                "ai_tool_flag": 15
            }
        },
        "dmu": {
            "dmu_stg": {
                "team_name": "dal",
                "ai_tool_flag": 15
            }
        },
        "drivers": {
            "amd/main": {
                "team_name": "amd-radeon-driver/drivers",
                "ai_tool_flag": 15
            },
            "amd/stg/xgl_prm": {
                "team_name": "vulkan",
                "ai_tool_flag": 8
            },
            "amd/stg/xgl": {
                "team_name": "vulkan",
                "ai_tool_flag": 8
            },
            "amd/stg/oglp": {
                "team_name": "oglp",
                "ai_tool_flag": 9
            },
            "amd/stg/oglp_prm": {
                "team_name": "oglp",
                "ai_tool_flag": 8
            },
            "amd/release/23.19": {
                "team_name": "oglp",
                "ai_tool_flag": 8
            },
            "amd/release/24.10": {
                "team_name": "oglp",
                "ai_tool_flag": 8
            },
            "amd/release/24.20": {
                "team_name": "oglp",
                "ai_tool_flag": 8
            },
            "amd/release/24.30": {
                "team_name": "oglp",
                "ai_tool_flag": 8
            },
            "amd/release/25.10": {
                "team_name": "oglp",
                "ai_tool_flag": 8
            },
            "amd/main/dxcp": {
                "team_name": "dxcp",
                "ai_tool_flag": 8
            },
            "amd/main/dxxp": {
                "team_name": "dxxp",
                "ai_tool_flag": 8
            },
            "amd/main/dx9p": {
                "team_name": "dx9p",
                "ai_tool_flag": 8
            },
            "amd/stg/acp": {
                "team_name": "acp",
                "ai_tool_flag": 1
            },
            "amd/stg/kmd": {
                "team_name": "kmd",
                "ai_tool_flag": 15,
                "default": 1
            },
            "amd/stg/pplib": {
                "team_name": "kmd",
                "ai_tool_flag": 8
            },
            "amd/stg/ttl": {
                "team_name": "kmd",
                "ai_tool_flag": 9
            },
            "amd/stg/swsdma": {
                "team_name": "kmd",
                "ai_tool_flag": 1
            },
            "amd/stg/gc": {
                "team_name": "kmd",
                "ai_tool_flag": 9
            },
            "amd/stg/bgm": {
                "team_name": "kmd",
                "ai_tool_flag": 9
            },
            "amd/stg/amdkmpfd": {
                "team_name": "kmd",
                "ai_tool_flag": 1
            },
            "amd/stg/amdlog": {
                "team_name": "kmd",
                "ai_tool_flag": 1
            },
            "amd/stg/amdmicropep": {
                "team_name": "kmd",
                "ai_tool_flag": 1
            },
            "amd/stg/df": {
                "team_name": "kmd",
                "ai_tool_flag": 1
            },
            "amd/stg/dlm": {
                "team_name": "kmd",
                "ai_tool_flag": 1
            },
            "amd/stg/gps": {
                "team_name": "kmd",
                "ai_tool_flag": 1
            },
            "amd/stg/gvm": {
                "team_name": "kmd",
                "ai_tool_flag": 9
            },
            "amd/stg/inc_bgd_shared": {
                "team_name": "kmd",
                "ai_tool_flag": 1
            },
            "amd/stg/inc_shared": {
                "team_name": "kmd",
                "ai_tool_flag": 1
            },
            "amd/stg/irqmgr": {
                "team_name": "kmd",
                "ai_tool_flag": 9
            },
            "amd/stg/k_utf_core": {
                "team_name": "kmd",
                "ai_tool_flag": 1
            },
            "amd/stg/lsdma": {
                "team_name": "kmd",
                "ai_tool_flag": 9
            },
            "amd/stg/mes": {
                "team_name": "kmd",
                "ai_tool_flag": 9
            },
            "amd/stg/sdma": {
                "team_name": "kmd",
                "ai_tool_flag": 9
            },
            "amd/release": {
                "team_name": "cvs",
                "ai_tool_flag": 1
            },
            "amd/release/24.30.02.01": {
                "team_name": "cvs",
                "ai_tool_flag": 8
            },
            "amd/acp": {
                "team_name": "acp",
                "ai_tool_flag": 1
            },
            "amd/stg/appprofiles": {
                "team_name": "uxg",
                "ai_tool_flag": 1
            },
            "amd/stg/cn": {
                "team_name": "uxg",
                "ai_tool_flag": 9
            },
            "amd/stg/install": {
                "team_name": "uxg",
                "ai_tool_flag": 9
            },
            "amd/stg/ppc": {
                "team_name": "uxg",
                "ai_tool_flag": 1
            },
            "amd/stg/adl": {
                "team_name": "uxg",
                "ai_tool_flag": 1
            },
            "amd/stg/adlx": {
                "team_name": "uxg",
                "ai_tool_flag": 1
            },
            "amd/stg/mva_vhd": {
                "team_name": "multimedia",
                "ai_tool_flag": 3
            },
            "amd/stg/umsch": {
                "team_name": "multimedia",
                "ai_tool_flag": 1
            },
            "amd/stg/amf": {
                "team_name": "amf",
                "ai_tool_flag": 1
            },
            "amd/bg-release/23.20": {
                "team_name": "multimedia",
                "ai_tool_flag": 8
            },
            "amd/stg/gcbd": {
                "team_name": "kmd",
                "ai_tool_flag": 8
            }
        },
        "dx9p": {
            "amd/stg/dx9p": {
                "team_name": "d3d",
                "ai_tool_flag": 9
            }
        },
        "dxcp": {
            "amd/stg/dxcp": {
                "team_name": "d3d",
                "ai_tool_flag": 9
            }
        },
        "dxxp": {
            "amd/stg/dxxp": {
                "team_name": "d3d",
                "ai_tool_flag": 9
            }
        },
        "gmlib": {
            "amd/main": {
                "team_name": "giml",
                "ai_tool_flag": 0
            }
        },
        "gpurt": {
            "amd/stg/gpurt": {
                "team_name": "gpurt",
                "ai_tool_flag": 1
            },
            "amd/stg/xgl": {
                "team_name": "vulkan",
                "ai_tool_flag": 8
            },
            "amd/stg/xgl_prm": {
                "team_name": "vulkan",
                "ai_tool_flag": 8
            }
        },
        "llpc": {
            "amd/stg/llpc": {
                "team_name": "compiler",
                "ai_tool_flag": 1
            },
            "amd/stg/xgl": {
                "team_name": "vulkan",
                "ai_tool_flag": 8
            },
            "amd/stg/xgl_prm": {
                "team_name": "vulkan",
                "ai_tool_flag": 8
            },
            "amd/stg/oglp": {
                "team_name": "oglp",
                "ai_tool_flag": 8
            },
            "amd/stg/oglp_prm": {
                "team_name": "oglp",
                "ai_tool_flag": 8
            }
        },
        "llvm-project": {
            "amd/default": {
                "team_name": "compiler",
                "ai_tool_flag": 1
            },
            "amd/stg/xgl-opensource": {
                "team_name": "vulkan",
                "ai_tool_flag": 8
            },
            "amd/stg/xgl-npi": {
                "team_name": "vulkan",
                "ai_tool_flag": 8
            }
        },
        "mmpal": {
            "amd/stg/mmpal": {
                "team_name": "multimedia",
                "ai_tool_flag": 1
            },
            "amd/bg-release/23.20": {
                "team_name": "multimedia",
                "ai_tool_flag": 8
            },
            "amd/bg-release/25.20": {
                "team_name": "multimedia",
                "ai_tool_flag": 8
            },
            "amd/bg-release/25.10": {
                "team_name": "multimedia",
                "ai_tool_flag": 8
            }
        },
        "oglp": {
            "amd/stg/oglp": {
                "team_name": "oglp",
                "ai_tool_flag": 8
            },
            "amd/stg/oglp_prm": {
                "team_name": "oglp",
                "ai_tool_flag": 8
            }
        },
        "pal": {
            "amd/stg/pal": {
                "team_name": "pal",
                "ai_tool_flag": 5
            },
            "amd/stg/xgl": {
                "team_name": "vulkan",
                "ai_tool_flag": 8
            },
            "amd/stg/xgl_prm": {
                "team_name": "vulkan",
                "ai_tool_flag": 8
            },
            "amd/stg/oglp": {
                "team_name": "oglp",
                "ai_tool_flag": 8
            },
            "amd/stg/oglp_prm": {
                "team_name": "oglp",
                "ai_tool_flag": 8
            }
        },
        "rdf": {
            "master": {
                "team_name": "pal",
                "ai_tool_flag": 1
            }
        },
        "sc": {
            "amd/stg/sc": {
                "team_name": "compiler",
                "ai_tool_flag": 1
            },
            "amd/stg/xgl": {
                "team_name": "vulkan",
                "ai_tool_flag": 8
            },
            "amd/stg/xgl_prm": {
                "team_name": "vulkan",
                "ai_tool_flag": 8
            },
            "amd/stg/oglp": {
                "team_name": "oglp",
                "ai_tool_flag": 8
            },
            "amd/stg/oglp_prm": {
                "team_name": "oglp",
                "ai_tool_flag": 8
            }
        },
        "spl": {
            "amd/stg": {
                "team_name": "dal",
                "ai_tool_flag": 1
            }
        },
        "swwardetection": {
            "amd/main": {
                "team_name": "pal",
                "ai_tool_flag": 1
            }
        },
        "ubm": {
            "amd/stg/ubm": {
                "team_name": "ubm",
                "ai_tool_flag": 1
            }
        },
        "vpe": {
            "amd/stg/vpe": {
                "team_name": "vpe",
                "ai_tool_flag": 5
            }
        }
    },
    "amd-swv-driver": {
        "abcd": {
            "amd/swv/main": {
                "team_name": "abcd seal",
                "ai_tool_flag": 1
            }
        }
    },
    "amd-platformsoftware-sensorsolutions": {
        "amdsfhdriver": {
            "master": {
                "team_name": "csg",
                "ai_tool_flag": 1
            }
        }
    },
    "amd-aocl": {
        "blis": {
            "amd-main": {
                "team_name": "aocl",
                "ai_tool_flag": 0
            }
        },
        "libflame": {
            "amd-main": {
                "team_name": "aocl",
                "ai_tool_flag": 0
            }
        },
        "aocl-sparse": {
            "amd-main": {
                "team_name": "aocl",
                "ai_tool_flag": 0
            }
        },
        "aocl-compression": {
            "amd-main": {
                "team_name": "aocl",
                "ai_tool_flag": 0
            }
        },
        "aocl-da": {
            "amd-main": {
                "team_name": "aocl",
                "ai_tool_flag": 0
            }
        },
        "aocl-dlp": {
            "amd-main": {
                "team_name": "aocl",
                "ai_tool_flag": 0
            }
        },
        "rng": {
            "amd-main": {
                "team_name": "aocl",
                "ai_tool_flag": 0
            }
        },
        "fftw": {
            "amd-main": {
                "team_name": "aocl",
                "ai_tool_flag": 0
            }
        },
        "aocl-scalapack": {
            "amd-main": {
                "team_name": "aocl",
                "ai_tool_flag": 0
            }
        },
        "aocl-libmem": {
            "amd-main": {
                "team_name": "aocl",
                "ai_tool_flag": 0
            }
        },
        "aocl-utils": {
            "amd-main": {
                "team_name": "aocl",
                "ai_tool_flag": 0
            }
        },
        "aocl-fftz": {
            "amd-main": {
                "team_name": "aocl",
                "ai_tool_flag": 0
            }
        }
    },
    "gpu-virtual": {
        "libgv": {
            "amd/release/24.30.02.01": {
                "team_name": "cvs",
                "ai_tool_flag": 8
            }
        }
    },
    "atg": {
        "windows_isp": {
            "master": {
                "team_name": "atg",
                "ai_tool_flag": 2
            }
        },
        "admc": {
            "main": {
                "team_name": "atg",
                "ai_tool_flag": 2
            }
        },
        "aidt": {
            "aidt4.1": {
                "team_name": "atg",
                "ai_tool_flag": 2
            }
        },
        "atgllm": {
            "atg-dev": {
                "team_name": "atg",
                "ai_tool_flag": 2
            }
        },
        "linux-ipu": {
            "atg-dev": {
                "team_name": "atg",
                "ai_tool_flag": 2
            }
        },
        "linux-isp": {
            "atg-dev": {
                "team_name": "atg",
                "ai_tool_flag": 2
            }
        },
        "ai_awb": {
            "atg-dev": {
                "team_name": "atg",
                "ai_tool_flag": 2
            }
        },
        "ischat": {
            "atg-dev": {
                "team_name": "atg",
                "ai_tool_flag": 2
            }
        },
        "ipu_driver": {
            "atg-dev-mcdm": {
                "team_name": "atg",
                "ai_tool_flag": 2
            }
        },
        "research": {
            "atg-dev": {
                "team_name": "atg",
                "ai_tool_flag": 2
            }
        },
        "cvmlsdk": {
            "atg-dev": {
                "team_name": "atg",
                "ai_tool_flag": 2
            }
        },
        "ispkernel": {
            "atg-dev": {
                "team_name": "atg",
                "ai_tool_flag": 2
            }
        },
        "sysarch-hws": {
            "atg-dev": {
                "team_name": "atg",
                "ai_tool_flag": 2
            }
        },
        "vas2.0linux": {
            "releases/amd-vas-3.0": {
                "team_name": "atg",
                "ai_tool_flag": 2
            }
        },
        "modelzoo": {
            "atg-dev": {
                "team_name": "atg",
                "ai_tool_flag": 2
            }
        }
    },
    "atg-ecarx": {
        "aosp-manifest": {
            "atg-dev": {
                "team_name": "atg",
                "ai_tool_flag": 2
            }
        },
        "aosp-hardware-amd-ta": {
            "atg-dev": {
                "team_name": "atg",
                "ai_tool_flag": 2
            }
        },
        "platform-cts": {
            "atg-dev": {
                "team_name": "atg",
                "ai_tool_flag": 2
            }
        },
        "aosp-device-amd": {
            "atg-dev": {
                "team_name": "atg",
                "ai_tool_flag": 2
            }
        },
        "aosp-hardware-amd-audio-hal": {
            "atg-dev": {
                "team_name": "atg",
                "ai_tool_flag": 2
            }
        },
        "aosp-external-minigbm": {
            "atg-dev": {
                "team_name": "atg",
                "ai_tool_flag": 2
            }
        },
        "aosp-external-mesa3d": {
            "atg-dev": {
                "team_name": "atg",
                "ai_tool_flag": 2
            }
        },
        "aosp-hardware-amd-codec2": {
            "atg-dev": {
                "team_name": "atg",
                "ai_tool_flag": 2
            }
        },
        "aosp-hardware-amd-security": {
            "atg-dev": {
                "team_name": "atg",
                "ai_tool_flag": 2
            }
        },
        "aosp-prebuilts": {
            "atg-dev": {
                "team_name": "atg",
                "ai_tool_flag": 2
            }
        }
    },
    "atg-pub": {
        "modelzoo": {
            "atg-dev": {
                "team_name": "atg",
                "ai_tool_flag": 2
            }
        }
    },
    "fwqa": {
        "fwtools": {
            "main": {
                "team_name": "fw, fwqa",
                "ai_tool_flag": 6
            }
        }
    },
    "amd-firmware": {
        "agesa-esid": {
            "main": {
                "team_name": "pfo",
                "ai_tool_flag": 6
            }
        }
    },
    "amdese-staging":{
        "amd-edk2-platforms": {
            "main": {
                "team_name": "pfo",
                "ai_tool_flag": 6
            }
        },
        "opensil": {
            "main": {
                "team_name": "pfo",
                "ai_tool_flag": 6
            }
        },
        "agesa-v10": {
            "main": {
                "team_name": "pfo",
                "ai_tool_flag": 6
            }
        }
    },
    "amd-s3-bios":{
        "swv-afc": {
            "main": {
                "team_name": "pfo",
                "ai_tool_flag": 6
            }
        },
        "referencecode-strix": {
            "main": {
                "team_name": "pfo",
                "ai_tool_flag": 6
            }
        }
    },
    "pfo": {
        "phcfw": {
            "develop": {
                "team_name": "fw",
                "ai_tool_flag": 6
            }
        },
        "sbiosserver": {
            "main": {
                "team_name": "pfo",
                "ai_tool_flag": 6
            }
        },
        "agesa-v10": {
            "main": {
                "team_name": "pfo",
                "ai_tool_flag": 14
            }
        },
        "agesa-v9": {
            "main": {
                "team_name": "pfo",
                "ai_tool_flag": 6
            }
        },
        "opensil": {
            "main": {
                "team_name": "pfo",
                "ai_tool_flag": 14
            }
        },
        "afc": {
            "main": {
                "team_name": "pfo",
                "ai_tool_flag": 6
            }
        },
        "amd-edk2-collection": {
            "main": {
                "team_name": "pfo",
                "ai_tool_flag": 6
            }
        },
        "amd-edk2-platforms": {
            "main": {
                "team_name": "pfo",
                "ai_tool_flag": 6
            }
        },
        "agesa-emulation-tools": {
            "main": {
                "team_name": "pfo",
                "ai_tool_flag": 6
            }
        },
        "agesa-esid": {
            "main": {
                "team_name": "pfo",
                "ai_tool_flag": 6
            }
        },
        "mpifoe-fw": {
            "main": {
                "team_name": "pfo",
                "ai_tool_flag": 6
            }
        },
        "cbs-swv": {
            "main": {
                "team_name": "pfo",
                "ai_tool_flag": 6
            }
        },
        "arch_clientphy": {
            "main": {
                "team_name": "pfo",
                "ai_tool_flag": 6
            }
        },
        "client-bios-comboam5": {
            "main": {
                "team_name": "pfo",
                "ai_tool_flag": 6
            }
        },
        "client-bios-taego": {
            "main": {
                "team_name": "pfo",
                "ai_tool_flag": 6
            }
        },
        "rlc-gfx13": {
            "main": {
                "team_name": "pfo",
                "ai_tool_flag": 6
            }
        },
        "rlc-mi400": {
            "main": {
                "team_name": "pfo",
                "ai_tool_flag": 6
            }
        },
        "dgpu-esid": {
            "main": {
                "team_name": "pfo",
                "ai_tool_flag": 6
            }
        },
        "igpu-esid": {
            "main": {
                "team_name": "pfo",
                "ai_tool_flag": 6
            }
        },
        "client-bios-medusa": {
            "main": {
                "team_name": "pfo",
                "ai_tool_flag": 6
            }
        },
        "art-security": {
            "amd-staging": {
                "team_name": "pfo",
                "ai_tool_flag": 6
            }
        },
        "agesa-v10-staging": {
            "main": {
                "team_name": "pfo",
                "ai_tool_flag": 6
            }
        },
        "opensil-staging": {
            "main": {
                "team_name": "pfo",
                "ai_tool_flag": 6
            }
        },
        "agesa-flexdoc": {
            "main": {
                "team_name": "pfo",
                "ai_tool_flag": 6
            }
        },
        "swv-agesa-v9": {
            "main": {
                "team_name": "pfo",
                "ai_tool_flag": 6
            }
        },
        "swv-agesa-esid": {
            "main": {
                "team_name": "pfo",
                "ai_tool_flag": 6
            }
        },
        "eddr5_am": {
            "main": {
                "team_name": "pfo",
                "ai_tool_flag": 6
            }
        },
        "amdserverbios-staging": {
            "main": {
                "team_name": "pfo",
                "ai_tool_flag": 6
            }
        },
        "mpio": {
            "main": {
                "team_name": "pfo",
                "ai_tool_flag": 6
            }
        }
    },
    "wingfxcoredev": {
        "anchorbranchmanager": {
            "main": {
                "team_name": "anchor-branch",
                "ai_tool_flag": 0
            }
        }
    },
    "sw-infra-emu": {
        "ai-pr-platform": {
            "main": {
                "team_name": "sw_infra",
                "ai_tool_flag": 1
            },
            "test_cp": {
                "team_name": "testing",
                "ai_tool_flag": 1
            },
            "amd/bg-release/24.30/test": {
                "team_name": "testing",
                "ai_tool_flag": 1
            },
            "amd/bg-release/25.10/test": {
                "team_name": "testing",
                "ai_tool_flag": 1
            }
        },
        "ai-code-review": {
            "main": {
                "team_name": "sw_infra",
                "ai_tool_flag": 1
            }
        },
        "ml-llm": {
            "dev": {
                "team_name": "sw_infra",
                "ai_tool_flag": 1
            }
        },
        "llm-code-generation": {
            "main": {
                "team_name": "sw_infra",
                "ai_tool_flag": 1
            }
        },
        "llm-code-porting": {
            "main": {
                "team_name": "sw_infra",
                "ai_tool_flag": 1
            }
        },
        "code_evaluation": {
            "main": {
                "team_name": "sw_infra",
                "ai_tool_flag": 1
            }
        },
        "skynetexe": {
            "master": {
                "team_name": "sw_infra",
                "ai_tool_flag": 1
            }
        }
    },
    "smu-ppd": {
        "demo": {
            "master": {
                "team_name": "pmfw",
                "ai_tool_flag": 9
            }
        }
    },
    "rocm": {
        "llvm-project": {
            "amd-staging": {
                "team_name": "rocm",
                "ai_tool_flag": 8
            }
        }
    }
}
