{
    "python": [
        {
            "Rule ID": 1,
            "Rule Heading": "Control Flow",
            "Rule Sub-heading": "\"break\" and \"continue\" should not be used outside a loop",
            "Rule-Details": "break and continue are unstructured control flow statements which make code harder to read. Additionally, more recent versions of Python raise a SyntaxError when modules containing break or continue outside of a loop are imported. Therefore, these statements should not be used outside of loops.",
            "Priority": "L1",
            "Solvable": "Y"
        },
        {
            "Rule ID": 2,
            "Rule Heading": "Error Handling",
            "Rule Sub-heading": "\"Exception\" and \"BaseException\" should not be raised",
            "Rule-Details": "Raising instances of Exception and BaseException will have a negative impact on any code trying to catch these exceptions. It is recommended to raise more specific exceptions or create custom exception classes.",
            "Priority": "L1",
            "Solvable": "Y"
        },
        {
            "Rule ID": 3,
            "Rule Heading": "Code Quality",
            "Rule Sub-heading": "\"pass\" should not be used needlessly",
            "Rule-Details": "The use of a pass statement where it’s not required by the syntax is pure cruft and should be removed.",
            "Priority": "L1",
            "Solvable": "Y"
        },
        {
            "Rule ID": 4,
            "Rule Heading": "Naming Convention",
            "Rule Sub-heading": "A field should not duplicate the name of its containing class",
            "Rule-Details": "Best practice dictates that any field or member with the same name as the enclosing class be renamed to be more descriptive.",
            "Priority": "L1",
            "Solvable": "N"
        },
        {
            "Rule ID": 5,
            "Rule Heading": "Control Flow",
            "Rule Sub-heading": "All \"except\" blocks should be able to catch exceptions",
            "Rule-Details": "In some contexts an except block is dead code as it will never catch any exception. The order of exception handlers should be considered carefully to ensure proper exception handling.",
            "Priority": "L1",
            "Solvable": "Y"
        },
        {
            "Rule ID": 6,
            "Rule Heading": "Unused code",
            "Rule Sub-heading": "All code should be reachable",
            "Rule-Details": "Jump statements like return, break, continue, and raise move control flow out of the current code block, leading to dead code.",
            "Priority": "L1",
            "Solvable": "Y"
        },
        {
            "Rule ID": 7,
            "Rule Heading": "String formatting",
            "Rule Sub-heading": "Alternation in regular expressions should not contain empty alternatives",
            "Rule-Details": "If one of the alternatives in a regex is empty, it would match any input, which is most probably a mistake.",
            "Priority": "L1",
            "Solvable": "Y"
        },
        {
            "Rule ID": 8,
            "Rule Heading": "Comparisons",
            "Rule Sub-heading": "Boolean checks should not be inverted",
            "Rule-Details": "It is needlessly complex to invert the result of a boolean comparison. The opposite comparison should be made instead.",
            "Priority": "L1",
            "Solvable": "Y"
        },
        {
            "Rule ID": 9,
            "Rule Heading": "Control flow",
            "Rule Sub-heading": "Break, continue and return statements should not occur in \"finally\" blocks",
            "Rule-Details": "Using return, break or continue in a finally block suppresses the propagation of any unhandled exception.",
            "Priority": "L1",
            "Solvable": "Y"
        },
        {
            "Rule ID": 10,
            "Rule Heading": "Comparisons",
            "Rule Sub-heading": "Character classes should be preferred over reluctant quantifiers in regular expressions",
            "Rule-Details": "Reluctant quantifiers can lead to inefficient regex performance. It's better to use character classes when possible.",
            "Priority": "L1",
            "Solvable": "Y"
        },
        {
            "Rule ID": 11,
            "Rule Heading": "Code Quality",
            "Rule Sub-heading": "Collapsible \"if\" statements should be merged",
            "Rule-Details": "Merging collapsible if statements increases the code’s readability.",
            "Priority": "L1",
            "Solvable": "Y"
        },
        {
            "Rule ID": 12,
            "Rule Heading": "Comments and Docstrings",
            "Rule Sub-heading": "Comments should not be located at the end of lines of code",
            "Rule-Details": "Single-line comments should be placed on their own line preceding the code they describe.",
            "Priority": "L1",
            "Solvable": "Y"
        },
        {
            "Rule ID": 13,
            "Rule Heading": "Control flow",
            "Rule Sub-heading": "Conditional expressions should not be nested",
            "Rule-Details": "Nesting conditional expressions makes code harder to read; clarity should be prioritized using separate statements.",
            "Priority": "L1",
            "Solvable": "Y"
        },
        {
            "Rule ID": 14,
            "Rule Heading": "Control flow",
            "Rule Sub-heading": "Control flow statements \"if\", \"for\", \"while\", \"try\" and \"with\" should not be nested too deeply",
            "Rule-Details": "Nested control flow statements can make code hard to read. The maximum allowed depth is 4.",
            "Priority": "L1",
            "Solvable": "Y"
        },
        {
            "Rule ID": 15,
            "Rule Heading": "Comments and Docstrings",
            "Rule Sub-heading": "Docstrings should be defined",
            "Rule-Details": "Docstrings should document what the code does, its return values, and requirements. They should be enclosed in triple double-quotes.",
            "Priority": "L1",
            "Solvable": "Y"
        },
        {
            "Rule ID": 16,
            "Rule Heading": "Error Handling",
            "Rule Sub-heading": "Functions should not contain too many return statements",
            "Rule-Details": "Too many return statements in a function increase complexity and make the logic harder to follow. Maximum allowed is 3.",
            "Priority": "L1",
            "Solvable": "Y"
        },
        {
            "Rule ID": 17,
            "Rule Heading": "Comparisons",
            "Rule Sub-heading": "Increment and decrement operators should not be used",
            "Rule-Details": "Python does not support ++ or -- operators. Use += 1 and -= 1 for increments and decrements.",
            "Priority": "L1",
            "Solvable": "Y"
        },
        {
            "Rule ID": 18,
            "Rule Heading": "Naming Convention",
            "Rule Sub-heading": "Instance and class methods should have at least one positional parameter",
            "Rule-Details": "Instance methods should have a 'self' parameter. Class methods should have a 'cls' parameter.",
            "Priority": "L1",
            "Solvable": "N"
        },
        {
            "Rule ID": 19,
            "Rule Heading": "Control Flow",
            "Rule Sub-heading": "Iterable unpacking, \"for-in\" loops and \"yield from\" should use an Iterable object",
            "Rule-Details": "For-in loops and yield from should only work with iterable objects.",
            "Priority": "L1",
            "Solvable": "Y"
        },
        {
            "Rule ID": 20,
            "Rule Heading": "Control Flow",
            "Rule Sub-heading": "Loops without \"break\" should not have \"else\" clauses",
            "Rule-Details": "A loop's else clause is skipped when break is executed. Without a break, else is effectively always executed and should be removed.",
            "Priority": "L1",
            "Solvable": "Y"
        },
        {
            "Rule ID": 21,
            "Rule Heading": "Naming Convention",
            "Rule Sub-heading": "Methods and field names should not differ only by capitalization",
            "Rule-Details": "Methods should be action-oriented and distinct from field names, avoiding capitalization-only differences.",
            "Priority": "L1",
            "Solvable": "N"
        },
        {
            "Rule ID": 22,
            "Rule Heading": "Types and Declarations",
            "Rule Sub-heading": "Methods and properties that don't access instance data should be static",
            "Rule-Details": "Methods not accessing instance data should be decorated with @staticmethod to improve performance.",
            "Priority": "L1",
            "Solvable": "N"
        },
        {
            "Rule ID": 23,
            "Rule Heading": "Code Quality",
            "Rule Sub-heading": "Redundant pairs of parentheses should be removed",
            "Rule-Details": "Redundant parentheses can be misleading and should be removed for clarity.",
            "Priority": "L1",
            "Solvable": "Y"
        },
        {
            "Rule ID": 24,
            "Rule Heading": "Code Quality",
            "Rule Sub-heading": "Sections of code should not be commented out",
            "Rule-Details": "Commented-out code should be removed to improve readability; it can be retrieved from version control if needed.",
            "Priority": "L1",
            "Solvable": "N"
        },
        {
            "Rule ID": 25,
            "Rule Heading": "Code Quality",
            "Rule Sub-heading": "Statements should be on separate lines",
            "Rule-Details": "For better readability, do not put more than one statement on a single line.",
            "Priority": "L1",
            "Solvable": "Y"
        },
        {
            "Rule ID": 26,
            "Rule Heading": "String formatting",
            "Rule Sub-heading": "String formatting should be used correctly",
            "Rule-Details": "Strings should be formatted with valid syntax using the appropriate method (%, str.format, or f-strings).",
            "Priority": "L1",
            "Solvable": "Y"
        },
        {
            "Rule ID": 27,
            "Rule Heading": "Code Quality",
            "Rule Sub-heading": "Unused function parameters should be removed",
            "Rule-Details": "Unused parameters are misleading and should be removed to clarify function behavior.",
            "Priority": "L1",
            "Solvable": "N"
        },
        {
            "Rule ID": 28,
            "Rule Heading": "Code Quality",
            "Rule Sub-heading": "Unused private nested classes should be removed",
            "Rule-Details": "Unused private nested classes are dead code that should be removed to prevent confusion and reduce code size.",
            "Priority": "L1",
            "Solvable": "N"
        },
        {
            "Rule ID": 29,
            "Rule Heading": "Naming Convention",
            "Rule Sub-heading": "Package and Module Names",
            "Rule-Details": "Modules should have short, all-lowercase names. Underscores can be used for readability. Discourage underscores in package names.",
            "Priority": "L1",
            "Solvable": "N"
        },
        {
            "Rule ID": 30,
            "Rule Heading": "Naming Convention",
            "Rule Sub-heading": "Class Names",
            "Rule-Details": "Class names should use the CapWords convention.",
            "Priority": "L1",
            "Solvable": "N"
        },
        {
            "Rule ID": 31,
            "Rule Heading": "Naming Convention",
            "Rule Sub-heading": "Type Variable Names",
            "Rule-Details": "Type variables should use CapWords with suffixes for covariant or contravariant variables as needed.",
            "Priority": "L1",
            "Solvable": "Local"
        },
        {
            "Rule ID": 32,
            "Rule Heading": "Naming Convention",
            "Rule Sub-heading": "Function names",
            "Rule-Details": "Function names should be lowercase with underscores for readability.",
            "Priority": "L1",
            "Solvable": "N"
        },
        {
            "Rule ID": 33,
            "Rule Heading": "Naming Convention",
            "Rule Sub-heading": "Variable Names",
            "Rule-Details": "Variable names should be lowercase with underscores for readability, similar to function names.",
            "Priority": "L1",
            "Solvable": "Local"
        },
        {
            "Rule ID": 34,
            "Rule Heading": "Naming Convention",
            "Rule Sub-heading": "Function and method arguments",
            "Rule-Details": "Use `self` for the first argument of instance methods and `cls` for class methods. Avoid using reserved keywords as argument names.",
            "Priority": "L1",
            "Solvable": "N"
        },
        {
            "Rule ID": 35,
            "Rule Heading": "Naming Convention",
            "Rule Sub-heading": "Method names and instance variables",
            "Rule-Details": "Follow function naming rules: lowercase with underscores. Use one leading underscore for non-public methods and variables.",
            "Priority": "L1",
            "Solvable": "N"
        },
        {
            "Rule ID": 36,
            "Rule Heading": "Naming Convention",
            "Rule Sub-heading": "Constants",
            "Rule-Details": "Constants should be named with all caps and underscores, and typically defined at the module level.",
            "Priority": "L1",
            "Solvable": "Local"
        },
        {
            "Rule ID": 37,
            "Rule Heading": "Comparisons",
            "Rule Sub-heading": "Comparison to singleton",
            "Rule-Details": "Comparisons to None should use is or is not, rather than equality operators.",
            "Priority": "L1",
            "Solvable": "Y"
        },
        {
            "Rule ID": 38,
            "Rule Heading": "Comparisons",
            "Rule Sub-heading": "Prefix or suffix check",
            "Rule-Details": "Use `str.startswith()` and `str.endswith()` for checking prefixes and suffixes instead of string slicing.",
            "Priority": "L1",
            "Solvable": "Y"
        },
        {
            "Rule ID": 39,
            "Rule Heading": "Comparisons",
            "Rule Sub-heading": "Object type comparisons",
            "Rule-Details": "Always use isinstance() for object type comparisons.",
            "Priority": "L1",
            "Solvable": "Y"
        },
        {
            "Rule ID": 40,
            "Rule Heading": "Comparisons",
            "Rule Sub-heading": "Empty sequences",
            "Rule-Details": "For sequences, use the fact that empty sequences are false in boolean contexts.",
            "Priority": "L1",
            "Solvable": "Y"
        },
        {
            "Rule ID": 41,
            "Rule Heading": "Comparisons",
            "Rule Sub-heading": "Comparison of boolean statements",
            "Rule-Details": "Avoid comparing boolean values to True or False using ==, instead rely on the boolean context.",
            "Priority": "L1",
            "Solvable": "Y"
        }
    ]
}
