[
 {
  "type": "code readability",
  "summary": "Deeply nested conditions"
 },
 {
  "type": "code readability",
  "summary": "Complex if conditions"
 },
 {
  "type": "code readability",
  "summary": "Deeply nested loops and conditionals"
 },
 {
  "type": "code readability",
  "summary": "Deeply nested loops and conditionals"
 },
 {
  "type": "memory management",
  "summary": "Potential buffer overflow"
 },
 {
  "type": "memory management",
  "summary": "Potential buffer overflow"
 },
 {
  "type": "memory management",
  "summary": "Potential buffer overflow"
 },
 {
  "type": "memory management",
  "summary": "Potential null pointer dereference"
 },
 {
  "type": "memory management",
  "summary": "Potential null pointer dereference"
 },
 {
  "type": "memory management",
  "summary": "Potential null pointer dereference"
 },
 {
  "type": "memory management",
  "summary": "Potential null pointer dereference"
 },
 {
  "type": "code documentation",
  "summary": "Lack of code comments"
 },
 {
  "type": "memory management",
  "summary": "Potential null pointer dereference"
 },
 {
  "type": "error handling",
  "summary": "Missing function return value check"
 },
 {
  "type": "memory management",
  "summary": "Potential null pointer dereference"
 },
 {
  "type": "code documentation",
  "summary": "Lack of code comments"
 },
 {
  "type": "error handling",
  "summary": "Missing function return value check"
 },
 {
  "type": "memory management",
  "summary": "Potential null pointer dereference"
 },
 {
  "type": "memory management",
  "summary": "Potential null pointer dereference"
 },
 {
  "type": "code readability",
  "summary": "Inconsistent case statement"
 },
 {
  "type": "memory management",
  "summary": "Potential null pointer dereference"
 },
 {
  "type": "memory management",
  "summary": "Potential null pointer dereference"
 },
 {
  "type": "error handling",
  "summary": "Missing function return value check"
 },
 {
  "type": "memory management",
  "summary": "Potential null pointer dereference"
 },
 {
  "type": "code documentation",
  "summary": "Lack of code comments"
 },
 {
  "type": "memory management",
  "summary": "Missing null check after malloc"
 },
 {
  "type": "code documentation",
  "summary": "Lack of comments in code"
 },
 {
  "type": "code implementation",
  "summary": "Methods not defined in code"
 },
 {
  "type": "code implementation",
  "summary": "Methods not defined in code"
 },
 {
  "type": "error handling",
  "summary": "Missing error check after function call"
 },
 {
  "type": "code readability",
  "summary": "Variable name not descriptive"
 },
 {
  "type": "code implementation",
  "summary": "Static variables not updated"
 },
 {
  "type": "code implementation",
  "summary": "Incorrect use of function"
 },
 {
  "type": "code implementation",
  "summary": "Missing update of variable"
 },
 {
  "type": "code readability",
  "summary": "Variable name misleading"
 },
 {
  "type": "code implementation",
  "summary": "Variable used without initialization"
 },
 {
  "type": "code implementation",
  "summary": "Variable used without initialization"
 },
 {
  "type": "code readability",
  "summary": "Use of magic numbers"
 },
 {
  "type": "code readability",
  "summary": "Use of magic numbers"
 },
 {
  "type": "code readability",
  "summary": "Use of magic numbers"
 },
 {
  "type": "code readability",
  "summary": "Use of magic numbers"
 },
 {
  "type": "code documentation",
  "summary": "Missing comments in code"
 },
 {
  "type": "code documentation",
  "summary": "Missing comments in code"
 },
 {
  "type": "code documentation",
  "summary": "Missing comments in code"
 },
 {
  "type": "code implementation",
  "summary": "Duplicate path in code"
 },
 {
  "type": "code implementation",
  "summary": "Destructor modifies object state"
 },
 {
  "type": "code documentation",
  "summary": "Missing comments in code"
 },
 {
  "type": "code implementation",
  "summary": "Variable used before initialization"
 },
 {
  "type": "code implementation",
  "summary": "Incorrect index in array assignment"
 },
 {
  "type": "code implementation",
  "summary": "Variable not reset in loop"
 },
 {
  "type": "code implementation",
  "summary": "Variable not reset in loop"
 },
 {
  "type": "memory management",
  "summary": "Missing handling of new failure"
 },
 {
  "type": "variable initialization",
  "summary": "Variable never set to true"
 },
 {
  "type": "memory management",
  "summary": "Missing memory allocation error handling"
 },
 {
  "type": "variable initialization",
  "summary": "Variable never set to true"
 },
 {
  "type": "data type mismatch",
  "summary": "Mismatch between variable and return type"
 },
 {
  "type": "code structure",
  "summary": "Improper use of goto and free"
 },
 {
  "type": "variable initialization",
  "summary": "Variable never set to true"
 },
 {
  "type": "memory management",
  "summary": "Incorrect memory deallocation"
 },
 {
  "type": "code structure",
  "summary": "Poor function modularization"
 },
 {
  "type": "function call",
  "summary": "Incorrect variable passed to function"
 },
 {
  "type": "null pointer dereference",
  "summary": "Missing null pointer check"
 },
 {
  "type": "code documentation",
  "summary": "Unclear function comment"
 },
 {
  "type": "function call",
  "summary": "Incorrect function call"
 },
 {
  "type": "data type casting",
  "summary": "Incorrect data type casting"
 },
 {
  "type": "code documentation",
  "summary": "Missing code comments"
 },
 {
  "type": "code structure",
  "summary": "Incorrect function call order"
 },
 {
  "type": "code documentation",
  "summary": "Typo in code comment"
 },
 {
  "type": "error handling",
  "summary": "Missing error handling"
 },
 {
  "type": "code structure",
  "summary": "Missing break in switch case"
 },
 {
  "type": "variable scope",
  "summary": "Variable not defined in scope"
 },
 {
  "type": "code structure",
  "summary": "Repeated value assignment"
 },
 {
  "type": "preprocessor directives",
  "summary": "Unbalanced preprocessor directives"
 },
 {
  "type": "preprocessor directives",
  "summary": "Missing #endif directive"
 },
 {
  "type": "code readability",
  "summary": "Repeated conditional checks"
 },
 {
  "type": "preprocessor directives",
  "summary": "Missing #endif directive"
 },
 {
  "type": "function call order",
  "summary": "Incorrect function call order"
 },
 {
  "type": "code documentation",
  "summary": "Missing variable comments"
 },
 {
  "type": "unused variables",
  "summary": "Unused static variable"
 },
 {
  "type": "thread safety",
  "summary": "Potential race condition"
 },
 {
  "type": "memory management",
  "summary": "Missing null check"
 },
 {
  "type": "memory management",
  "summary": "Missing null check"
 },
 {
  "type": "magic numbers",
  "summary": "Use of magic numbers"
 },
 {
  "type": "code documentation",
  "summary": "Missing comments for constants"
 },
 {
  "type": "code redundancy",
  "summary": "Repeated function calls"
 },
 {
  "type": "code redundancy",
  "summary": "Repeated condition checks"
 },
 {
  "type": "recursion",
  "summary": "Recursive constructor call"
 },
 {
  "type": "scaling factors",
  "summary": "Incorrect scaling factors"
 },
 {
  "type": "scaling factors",
  "summary": "Incorrect scaling factors"
 },
 {
  "type": "code documentation",
  "summary": "Missing code comments"
 },
 {
  "type": "memory management",
  "summary": "Missing null check"
 },
 {
  "type": "memory management",
  "summary": "Missing null check"
 },
 {
  "type": "code redundancy",
  "summary": "Redundant variable assignment"
 },
 {
  "type": "code redundancy",
  "summary": "Repeated function calls"
 },
 {
  "type": "code redundancy",
  "summary": "Repeated function calls"
 },
 {
  "type": "undefined variables",
  "summary": "Undefined variable used"
 },
 {
  "type": "logical operators",
  "summary": "Incorrect logical operator usage"
 },
 {
  "type": "logical operators",
  "summary": "Incorrect logical operator usage"
 },
 {
  "type": "logical operators",
  "summary": "Incorrect logical operator usage"
 },
 {
  "type": "code readability",
  "summary": "Code lacks comments"
 },
 {
  "type": "code redundancy",
  "summary": "Repeated code blocks"
 },
 {
  "type": "error handling",
  "summary": "Missing error handling"
 },
 {
  "type": "code readability",
  "summary": "Hardcoded string in constructor"
 },
 {
  "type": "code readability",
  "summary": "Verbose comments and naming"
 },
 {
  "type": "error handling",
  "summary": "Unimplemented function returns error"
 },
 {
  "type": "error handling",
  "summary": "Uninitialized variables used"
 },
 {
  "type": "code readability",
  "summary": "Magic numbers used"
 },
 {
  "type": "code redundancy",
  "summary": "Code duplication"
 },
 {
  "type": "error handling",
  "summary": "File closed twice"
 },
 {
  "type": "memory management",
  "summary": "Missing memory cleanup"
 },
 {
  "type": "error handling",
  "summary": "False returned without error message"
 },
 {
  "type": "code readability",
  "summary": "Lack of error message"
 },
 {
  "type": "code readability",
  "summary": "Code lacks clarity"
 },
 {
  "type": "code redundancy",
  "summary": "Repeated code for different model types"
 },
 {
  "type": "error handling",
  "summary": "Constructor not updated with new parameters"
 },
 {
  "type": "code redundancy",
  "summary": "Redundant code for RML and TVM engines"
 },
 {
  "type": "error handling",
  "summary": "Missing file existence check"
 },
 {
  "type": "code readability",
  "summary": "Variable names lack descriptiveness"
 },
 {
  "type": "memory management",
  "summary": "Potential overflow in calculation"
 },
 {
  "type": "code documentation",
  "summary": "Incorrect use of endif() command"
 },
 {
  "type": "system calls",
  "summary": "Condition might prevent PDB file installation"
 },
 {
  "type": "code documentation",
  "summary": "Lack of clarity in comment"
 },
 {
  "type": "error handling",
  "summary": "Missing error handling for image size"
 },
 {
  "type": "error handling",
  "summary": "No handling for incorrect alpha_mat type"
 },
 {
  "type": "error handling",
  "summary": "Assumption of output_img.GetBuffer() type"
 },
 {
  "type": "error handling",
  "summary": "No error handling for null output pointer"
 },
 {
  "type": "error handling",
  "summary": "Improper handling of null output_img.GetBuffer()"
 },
 {
  "type": "error handling",
  "summary": "No null check for output pointer"
 },
 {
  "type": "error handling",
  "summary": "No null check for buffer in cv::Mat creation"
 },
 {
  "type": "code improvement",
  "summary": "Avoid modification of input parameters"
 },
 {
  "type": "code improvement",
  "summary": "Avoid modification of input parameters"
 },
 {
  "type": "code documentation",
  "summary": "Lack of comments and unclear variable names"
 },
 {
  "type": "memory management",
  "summary": "Missing Unmap() after Map()"
 },
 {
  "type": "code improvement",
  "summary": "Unnecessary variable declaration"
 },
 {
  "type": "code improvement",
  "summary": "Undefined variables used in code"
 },
 {
  "type": "code improvement",
  "summary": "Hardcoded file path"
 },
 {
  "type": "code improvement",
  "summary": "Hardcoded file path"
 },
 {
  "type": "code improvement",
  "summary": "Hardcoded file path"
 },
 {
  "type": "thread safety",
  "summary": "GetOutputType() function not thread-safe"
 },
 {
  "type": "thread safety",
  "summary": "GetOutputType() function not thread-safe"
 },
 {
  "type": "code documentation",
  "summary": "Lack of comments explaining code"
 },
 {
  "type": "error handling",
  "summary": "No check for return value of xrs_alloc"
 },
 {
  "type": "error handling",
  "summary": "No check for return value of xrs_alloc"
 },
 {
  "type": "error handling",
  "summary": "Potential AttributeError in except block"
 },
 {
  "type": "error handling",
  "summary": "Potential AttributeError in except block"
 },
 {
  "type": "error handling",
  "summary": "Assumption of list length"
 },
 {
  "type": "memory management",
  "summary": "Potential overflow in calculation"
 },
 {
  "type": "code documentation",
  "summary": "Incorrect use of endif() in CMake"
 },
 {
  "type": "system calls",
  "summary": "Condition might prevent PDB file installation"
 },
 {
  "type": "code documentation",
  "summary": "Lack of clarity in comment"
 },
 {
  "type": "error handling",
  "summary": "Missing error handling for image size mismatch"
 },
 {
  "type": "error handling",
  "summary": "No handling for incorrect alpha_mat type"
 },
 {
  "type": "error handling",
  "summary": "Assumption of output_img.GetBuffer() type"
 },
 {
  "type": "error handling",
  "summary": "No error handling for null output pointer"
 },
 {
  "type": "error handling",
  "summary": "Improper handling of null output_img.GetBuffer()"
 },
 {
  "type": "error handling",
  "summary": "No null check for output pointer"
 },
 {
  "type": "error handling",
  "summary": "No null check for buffer before cv::Mat creation"
 },
 {
  "type": "code improvement",
  "summary": "Avoid modification of input parameters"
 },
 {
  "type": "code improvement",
  "summary": "Avoid modification of input parameters"
 },
 {
  "type": "code documentation",
  "summary": "Lack of comments and unclear variable names"
 },
 {
  "type": "memory management",
  "summary": "Missing Unmap() after Map()"
 },
 {
  "type": "code improvement",
  "summary": "Unnecessary variable declaration"
 },
 {
  "type": "code improvement",
  "summary": "Undefined variables used in code"
 },
 {
  "type": "code improvement",
  "summary": "Hardcoded file path"
 },
 {
  "type": "code improvement",
  "summary": "Hardcoded file path"
 },
 {
  "type": "code improvement",
  "summary": "Hardcoded file path"
 },
 {
  "type": "thread safety",
  "summary": "GetOutputType() function not thread-safe"
 },
 {
  "type": "thread safety",
  "summary": "GetOutputType() function not thread-safe"
 },
 {
  "type": "code documentation",
  "summary": "Lack of comments explaining code"
 },
 {
  "type": "error handling",
  "summary": "No check for xrs_alloc return value"
 },
 {
  "type": "error handling",
  "summary": "No check for xrs_alloc return value"
 },
 {
  "type": "error handling",
  "summary": "No check for xrs_alloc return value"
 },
 {
  "type": "code improvement",
  "summary": "Repetition of same block of code"
 },
 {
  "type": "error handling",
  "summary": "Potential AttributeError in except block"
 },
 {
  "type": "error handling",
  "summary": "Potential AttributeError in except block"
 },
 {
  "type": "error handling",
  "summary": "Assumption of list length"
 }
]